region,date,weekid,rate,h1_pos,sh3_pos,b_pos,Adenovirus,monthid
HK,4/7/2004,27,7.693118833,0.003590664,0.206463196,0.021543986,1.431277922,7
HK,11/7/2004,28,15.53449887,0.005263158,0.319298246,0.015789474,3.683437875,7
HK,18/7/2004,29,17.4283751,0.006163328,0.331278891,0.021571649,1.121998397,7
HK,25/7/2004,30,19.24858194,0.009259259,0.363756614,0.021164021,2.325332047,7
HK,1/8/2004,31,15.63753648,0.002820874,0.324400564,0.021156559,2.21584525,8
HK,8/8/2004,32,11.94220001,0.001560062,0.249609984,0.028081123,1.467756426,8
HK,15/8/2004,33,9.525455857,0.004950495,0.193069307,0.02640264,2.241283731,8
HK,22/8/2004,34,10.75732754,0,0.246467818,0.037676609,1.664116967,8
HK,29/8/2004,35,8.021999983,0,0.17794971,0.034816248,1.020981816,8
HK,5/9/2004,36,6.616196569,0,0.154150198,0.04743083,3.372962957,9
HK,12/9/2004,37,4.900223727,0,0.099082569,0.012844037,1.84762534,9
HK,19/9/2004,38,7.382199809,0,0.113043478,0.048695652,1.270055881,9
HK,26/9/2004,39,3.521754788,0.001757469,0.084358524,0.0228471,1.931284884,9
HK,3/10/2004,40,1.788791189,0,0.031111111,0.011111111,1.694644285,10
HK,10/10/2004,41,1.192445004,0.002087683,0.020876827,0.012526096,3.156472069,10
HK,17/10/2004,42,1.071614405,0,0.018348624,0.01146789,2.555388197,10
HK,24/10/2004,43,0.702247191,0,0.008426966,0.011235955,2.708667737,10
HK,31/10/2004,44,0.389103643,0,0.00456621,0.00456621,4.474691899,10
HK,7/11/2004,45,0.324492335,0,0.004640371,0.004640371,3.650538765,11
HK,14/11/2004,46,0.418020787,0,0.00456621,0.006849315,4.598228659,11
HK,21/11/2004,47,0.145828941,0,0.002150538,0.002150538,3.645723522,11
HK,28/11/2004,48,0.693093061,0,0.014492754,0.003623188,4.019939754,11
HK,5/12/2004,49,0.730812719,0,0.012658228,0.006329114,4.628480553,12
HK,12/12/2004,50,0.244890395,0,0.002192982,0.004385965,4.489657242,12
HK,19/12/2004,51,0.378464113,0,0.004175365,0.006263048,3.557562659,12
HK,26/12/2004,52,0.772647233,0,0.014251781,0.004750594,2.994008028,12
HK,2/1/2005,1,1.185533373,0,0.02283105,0.00456621,1.614625676,1
HK,9/1/2005,2,1.7886604,0.00511509,0.030690537,0.010230179,2.572503841,1
HK,16/1/2005,3,1.259813143,0,0.023640662,0.016548463,2.96635106,1
HK,23/1/2005,4,3.382136308,0.008064516,0.056451613,0.016129032,2.974361008,1
HK,30/1/2005,5,5.082392531,0.018604651,0.053488372,0.051162791,2.327754339,1
HK,6/2/2005,6,4.006466578,0.029810298,0.051490515,0.021680217,3.709536894,2
HK,13/2/2005,7,4.366787783,0.010889292,0.076225045,0.019963702,1.215704412,2
HK,20/2/2005,8,4.395191585,0.006465517,0.058189655,0.060344828,2.999259594,2
HK,27/2/2005,9,9.231985417,0.018656716,0.110074627,0.067164179,2.843875967,2
HK,6/3/2005,10,14.42639554,0.01774398,0.145754119,0.088719899,4.588655232,3
HK,13/3/2005,11,25.21347949,0.039823009,0.17920354,0.103982301,3.8583886,3
HK,20/3/2005,12,21.67753935,0.03959276,0.135746606,0.083710407,3.517563386,3
HK,27/3/2005,13,18.78404636,0.02244898,0.143877551,0.064285714,2.948522875,3
HK,3/4/2005,14,16.22471409,0.019296254,0.127128263,0.048808173,1.01760606,4
HK,10/4/2005,15,18.24507249,0.023917995,0.190205011,0.0523918,4.973112882,4
HK,17/4/2005,16,12.48965867,0.012578616,0.139412998,0.052410901,2.296591521,4
HK,24/4/2005,17,15.61452841,0.014573991,0.186098655,0.044843049,3.666603313,4
HK,1/5/2005,18,19.06716445,0.021400778,0.234435798,0.021400778,4.39485315,5
HK,8/5/2005,19,26.88405665,0.012302285,0.30228471,0.021089631,2.259324356,5
HK,15/5/2005,20,29.3940671,0.01826087,0.333043478,0.015652174,2.46360373,5
HK,22/5/2005,21,34.78233748,0.010130246,0.390738061,0.009406657,3.53856474,5
HK,29/5/2005,22,33.27921471,0.009893993,0.354063604,0.007773852,3.174181838,5
HK,5/6/2005,23,27.3984592,0.013799448,0.287948482,0.013799448,3.681767627,6
HK,12/6/2005,24,15.19767176,0.007326007,0.207570208,0.00976801,2.613743017,6
HK,19/6/2005,25,9.173782719,0.002372479,0.134045077,0.014234875,3.048402143,6
HK,26/6/2005,26,7.277505433,0.005319149,0.093085106,0.021276596,4.327943128,6
HK,3/7/2005,27,7.377781438,0.006067961,0.101941748,0.018203883,2.254238252,7
HK,10/7/2005,28,4.064305814,0.005910165,0.056737589,0.004728132,6.369039272,7
HK,17/7/2005,29,2.436022225,0.003802281,0.054499366,0.006337136,4.187410752,7
HK,24/7/2005,30,1.923945805,0.002994012,0.02245509,0.017964072,3.707133545,7
HK,31/7/2005,31,0.81528984,0.004622496,0.013867488,0.006163328,4.703096474,7
HK,7/8/2005,32,1.245455461,0.003367003,0.008417508,0.016835017,8.381679325,8
HK,14/8/2005,33,0.974602757,0,0.014869888,0.00929368,4.821014777,8
HK,21/8/2005,34,1.986300026,0.013675214,0.015384615,0.015384615,4.402718923,8
HK,28/8/2005,35,1.045781689,0.008756567,0.001751313,0.010507881,3.572640523,8
HK,4/9/2005,36,1.109797741,0.003703704,0.009259259,0.011111111,3.229372384,9
HK,11/9/2005,37,0.91668631,0.008741259,0.003496503,0.005244755,2.815924539,9
HK,18/9/2005,38,0.85823681,0.00610687,0.004580153,0.007633588,2.538825528,9
HK,25/9/2005,39,0.870326679,0.006688963,0.001672241,0.010033445,2.239294375,9
HK,2/10/2005,40,0.666585739,0.004115226,0.001371742,0.006858711,2.528121165,10
HK,9/10/2005,41,0.443836544,0.003149606,0,0.006299213,1.997467392,10
HK,16/10/2005,42,0.453313809,0.002747253,0,0.008241758,1.754003197,10
HK,23/10/2005,43,0.264379212,0.001422475,0,0.004267425,3.893328893,10
HK,30/10/2005,44,0.393581491,0,0.001383126,0.006915629,3.440618851,10
HK,6/11/2005,45,0.557128593,0.001319261,0.005277045,0.005277045,3.05029403,11
HK,13/11/2005,46,0.987495723,0.00143472,0.014347202,0.00286944,3.701956515,11
HK,20/11/2005,47,0.287320984,0.001531394,0.003062787,0.001531394,3.230196889,11
HK,27/11/2005,48,0.625653798,0.010958904,0,0.002739726,3.776917722,11
HK,4/12/2005,49,0.570216869,0.006125574,0.003062787,0.001531394,4.080565647,12
HK,11/12/2005,50,0.688525987,0.00698324,0.001396648,0.00698324,4.461088606,12
HK,18/12/2005,51,1.300856961,0.009887006,0.004237288,0.016949153,2.572644492,12
HK,25/12/2005,52,2.921078235,0.026011561,0.00433526,0.033236994,3.114616546,12
HK,1/1/2006,53,3.548028489,0.030134655,0.003798951,0.033747371,2.878710402,1
HK,8/1/2006,1,3.542561674,0.034257749,0.003262643,0.034257749,4.106151031,1
HK,15/1/2006,2,4.603179302,0.030405405,0.013513514,0.050675676,2.959186694,1
HK,22/1/2006,3,7.200159751,0.067510549,0.004219409,0.064697609,1.855711276,1
HK,29/1/2006,4,6.938017566,0.0608,0.0048,0.1072,0.57816813,1
HK,5/2/2006,5,6.051308244,0.072931276,0.004207574,0.089761571,1.271283245,2
HK,12/2/2006,6,8.928343876,0.082901554,0.007772021,0.079015544,2.930677761,2
HK,19/2/2006,7,9.627667568,0.084722222,0.006944444,0.079166667,2.113390442,2
HK,26/2/2006,8,12.45535054,0.098150782,0.00284495,0.092460882,2.106419576,2
HK,5/3/2006,9,11.40880645,0.119205298,0.00397351,0.072847682,1.618817132,3
HK,12/3/2006,10,14.25875127,0.122033898,0.009039548,0.098305085,1.194082619,3
HK,19/3/2006,11,11.35049803,0.10328068,0.0036452,0.080194411,1.179272522,3
HK,26/3/2006,12,8.791236377,0.102422907,0.004405286,0.049559471,0.866741615,3
HK,2/4/2006,13,7.198234555,0.069905213,0.002369668,0.043838863,1.028319222,4
HK,9/4/2006,14,5.109841101,0.067319461,0.00244798,0.026927785,1.09958606,4
HK,16/4/2006,15,3.924561001,0.051321928,0.00155521,0.026438569,0.923426118,4
HK,23/4/2006,16,3.374383967,0.048543689,0.001213592,0.016990291,0.858934101,4
HK,30/4/2006,17,3.418032361,0.045133992,0,0.026798307,1.206364363,4
HK,7/5/2006,18,4.445302686,0.063271605,0,0.018518519,1.090357263,5
HK,14/5/2006,19,4.224273069,0.065454545,0,0.012121212,1.122072534,5
HK,21/5/2006,20,5.56347024,0.101928375,0,0.006887052,0.985931435,5
HK,28/5/2006,21,5.42166956,0.093023256,0,0.005813953,1.674339129,5
HK,4/6/2006,22,6.462476925,0.101892285,0,0.005822416,1.659284616,6
HK,11/6/2006,23,11.12448973,0.164108619,0.001180638,0.008264463,1.135152013,6
HK,18/6/2006,24,17.44829823,0.24729064,0.000985222,0.007881773,0.939523751,6
HK,25/6/2006,25,18.36158462,0.225300092,0.000923361,0.006463527,1.602995482,6
HK,2/7/2006,26,18.06909445,0.298263534,0.00102145,0.003064351,1.465061712,7
HK,9/7/2006,27,10.96029525,0.215957447,0.003191489,0.004255319,0.626302586,7
HK,16/7/2006,28,9.045455821,0.158016148,0.00461361,0.003460208,0.439709658,7
HK,23/7/2006,29,7.034196795,0.118948824,0.004149378,0.008298755,1.258751005,7
HK,30/7/2006,30,4.146120644,0.081180812,0.004920049,0.004920049,1.456745091,7
HK,6/8/2006,31,3.294887122,0.061588331,0.008103728,0.003241491,1.757273132,8
HK,13/8/2006,32,2.456258746,0.036789298,0.008361204,0.010033445,1.414209581,8
HK,20/8/2006,33,1.562522971,0.027027027,0.009538951,0.001589825,0.976576857,8
HK,27/8/2006,34,1.024169987,0.02,0.006666667,0,0.76812749,8
HK,3/9/2006,35,0.844948731,0.011058452,0.007898894,0.003159558,0.72424177,9
HK,10/9/2006,36,2.115613999,0.025297619,0.026785714,0.00297619,0.800502594,9
HK,17/9/2006,37,1.607938945,0.017656501,0.020866774,0.004815409,0.714639531,9
HK,24/9/2006,38,2.963317361,0.029619182,0.039492243,0.002820874,0.522938358,9
HK,1/10/2006,39,1.253044338,0.010174419,0.01744186,0.001453488,0.563869952,10
HK,8/10/2006,40,0.914351482,0.007168459,0.012544803,0,0.748105758,10
HK,15/10/2006,41,0.647379514,0.007587253,0.007587253,0.001517451,0.94164293,10
HK,22/10/2006,42,0.345672655,0,0.005208333,0.003472222,1.520959683,10
HK,29/10/2006,43,0.259321495,0.001745201,0.005235602,0,0.842794859,10
HK,5/11/2006,44,0.000001,0,0,0,1.150334032,11
HK,12/11/2006,45,0.131039143,0,0.003338898,0,1.637989288,11
HK,19/11/2006,46,0.05145759,0,0.001615509,0,0.926236625,11
HK,26/11/2006,47,0.131099914,0.00172117,0,0.00172117,1.048799316,11
HK,3/12/2006,48,0.183377892,0.003289474,0.001644737,0,1.222519277,12
HK,10/12/2006,49,0.556561108,0.003338898,0.008347245,0.001669449,0.973981939,12
HK,17/12/2006,50,0.411851392,0.003241491,0.006482982,0.001620746,1.000210522,12
HK,24/12/2006,51,0.56879513,0.001620746,0.003241491,0.009724473,1.516787013,12
HK,31/12/2006,52,0.778620516,0.008103728,0.006482982,0.004862237,1.103045732,12
HK,7/1/2007,1,1.089057153,0.009360374,0.014040562,0.003120125,1.281243709,1
HK,14/1/2007,2,2.912541522,0.006349206,0.052380952,0.00952381,1.828805142,1
HK,21/1/2007,3,4.344289396,0.004464286,0.092261905,0.013392857,1.291545496,1
HK,28/1/2007,4,5.772363368,0.001519757,0.124620061,0.010638298,1.346884786,1
HK,4/2/2007,5,9.056473276,0.00794702,0.150993377,0.01986755,1.073359796,2
HK,11/2/2007,6,10.30363365,0.003571429,0.16547619,0.016666667,1.254929739,2
HK,18/2/2007,7,13.6249056,0.005369128,0.204026846,0.025503356,2.102128293,2
HK,25/2/2007,8,15.14417611,0.005617978,0.26741573,0.017977528,1.69567995,2
HK,4/3/2007,9,15.55226,0.00534188,0.272435897,0.016025641,0.791751418,3
HK,11/3/2007,10,17.59024656,0.003253796,0.259219089,0.036876356,1.274655548,3
HK,18/3/2007,11,18.76854631,0.006615215,0.298787211,0.028665932,1.300790338,3
HK,25/3/2007,12,12.9387284,0.003340757,0.207126949,0.023385301,0.924194886,3
HK,1/4/2007,13,10.65287487,0.002257336,0.146726862,0.041760722,2.458355738,4
HK,8/4/2007,14,11.22222441,0.001449275,0.136231884,0.044927536,2.761023465,4
HK,15/4/2007,15,7.597482636,0.001072961,0.127682403,0.0472103,1.389783409,4
HK,22/4/2007,16,5.217871053,0,0.101343101,0.030525031,1.497722247,4
HK,29/4/2007,17,6.484026202,0,0.098159509,0.051533742,1.647580428,4
HK,6/5/2007,18,6.340874443,0.005319149,0.097074468,0.04787234,1.234506529,5
HK,13/5/2007,19,6.549635727,0.002506266,0.063909774,0.065162907,1.559437078,5
HK,20/5/2007,20,3.919404109,0,0.034293553,0.04526749,1.959702054,5
HK,27/5/2007,21,5.027668328,0,0.048411498,0.04387292,1.318732676,5
HK,3/6/2007,22,4.419210154,0.00304878,0.06554878,0.035060976,1.689698,6
HK,10/6/2007,23,7.38885041,0.001515152,0.083333333,0.054545455,2.088153377,6
HK,17/6/2007,24,11.36813441,0.004126547,0.144429161,0.052269601,2.180190162,6
HK,24/6/2007,25,21.95228892,0.002918288,0.250972763,0.056420233,1.858030723,6
HK,1/7/2007,26,22.2458964,0.001690617,0.304311074,0.050718512,1.423315646,7
HK,8/7/2007,27,27.06339168,0.003120125,0.319032761,0.060842434,1.433092024,7
HK,15/7/2007,28,24.70028662,0.005351682,0.27293578,0.066513761,1.862105865,7
HK,22/7/2007,29,11.28828865,0,0.176684882,0.041894353,2.069519587,7
HK,29/7/2007,30,8.281274283,0.004366812,0.149563319,0.056768559,1.415969178,7
HK,5/8/2007,31,5.457119138,0.00390117,0.081924577,0.041612484,1.614861786,8
HK,12/8/2007,32,3.163228141,0.007585335,0.039190898,0.04045512,1.421160469,8
HK,19/8/2007,33,2.212766637,0.00466563,0.00933126,0.048211509,1.438298314,8
HK,26/8/2007,34,3.200104493,0.001436782,0.024425287,0.04454023,1.893939394,8
HK,2/9/2007,35,4.002743816,0.003994674,0.027962716,0.047936085,1.267535542,9
HK,9/9/2007,36,3.142477977,0.00723589,0.023154848,0.040520984,1.41090848,9
HK,16/9/2007,37,2.704463532,0.005617978,0.02247191,0.029494382,1.649063129,9
HK,23/9/2007,38,2.133165369,0.002828854,0.016973126,0.02970297,0.975161312,9
HK,30/9/2007,39,2.021853029,0.001533742,0.012269939,0.029141104,3.610451838,9
HK,7/10/2007,40,3.346736723,0.007104796,0.023090586,0.03374778,1.673368361,10
HK,14/10/2007,41,1.698187866,0.001745201,0.012216405,0.02617801,1.624353611,10
HK,21/10/2007,42,1.132311334,0,0.006633499,0.018242123,2.491084935,10
HK,28/10/2007,43,0.540344555,0,0.007763975,0.00621118,1.861186802,10
HK,4/11/2007,44,1.062154125,0.001631321,0.001631321,0.019575856,2.200176401,11
HK,11/11/2007,45,0.379119968,0.001503759,0,0.006015038,2.653839774,11
HK,18/11/2007,46,0.173293272,0,0.001404494,0.002808989,1.906225987,11
HK,25/11/2007,47,0.262065786,0,0,0.006163328,2.948240094,11
HK,2/12/2007,48,0.255129708,0.001438849,0.001438849,0.002877698,2.933991644,12
HK,9/12/2007,49,0.601757915,0,0,0.012048193,3.47682351,12
HK,16/12/2007,50,0.594867295,0,0,0.015463918,1.93331871,12
HK,23/12/2007,51,1.895130198,0.002728513,0.005457026,0.028649386,2.035510212,12
HK,30/12/2007,52,1.359683015,0.005805515,0.005805515,0.013062409,1.839571138,12
HK,6/1/2008,1,1.691456817,0.00990099,0.001650165,0.02640264,2.941664029,1
HK,13/1/2008,2,2.219099309,0.015965167,0.013062409,0.021770682,2.662919171,1
HK,20/1/2008,3,2.699670823,0.024263432,0.01559792,0.020797227,2.314003562,1
HK,27/1/2008,4,5.47515385,0.03805175,0.03805175,0.03196347,2.390560132,1
HK,3/2/2008,5,4.489992443,0.041322314,0.011570248,0.034710744,2.287354641,2
HK,10/2/2008,6,4.692161201,0.06360424,0.024734982,0.075971731,0.302720077,2
HK,17/2/2008,7,5.63716437,0.049756098,0.032195122,0.07804878,0.859323837,2
HK,24/2/2008,8,10.00262167,0.052576236,0.01997897,0.085173502,0.933578023,2
HK,2/3/2008,9,11.42739713,0.082364341,0.03003876,0.08624031,1.114868013,3
HK,9/3/2008,10,20.06232964,0.092814371,0.047904192,0.123502994,1.648180056,3
HK,16/3/2008,11,19.55824551,0.082493703,0.0302267,0.144206549,1.725727545,3
HK,23/3/2008,12,9.601594001,0.050129646,0.015557476,0.113223855,2.087303044,3
HK,30/3/2008,13,5.384641994,0.034364261,0.02978236,0.071019473,1.414609337,3
HK,6/4/2008,14,3.627377878,0.007507508,0.018018018,0.054054054,0.958175288,4
HK,13/4/2008,15,3.474919601,0.019323671,0.026570048,0.041062802,1.206569306,4
HK,20/4/2008,16,3.515594884,0.009345794,0.02670227,0.040053405,1.72695889,4
HK,27/4/2008,17,3.29605338,0.012062726,0.033775633,0.026537998,0.933881791,4
HK,4/5/2008,18,2.355243735,0.009852217,0.018472906,0.016009852,1.308468741,5
HK,11/5/2008,19,2.230278258,0.003726708,0.021118012,0.01863354,1.975389314,5
HK,18/5/2008,20,1.692958422,0.009345794,0.018691589,0.012016021,1.410798685,5
HK,25/5/2008,21,2.332606249,0.005763689,0.024495677,0.023054755,1.386955067,5
HK,1/6/2008,22,1.676052597,0.008310249,0.011080332,0.024930748,0.942779586,6
HK,8/6/2008,23,2.039487958,0.001818182,0.023636364,0.014545455,1.854079962,6
HK,15/6/2008,24,2.441892826,0.0171278,0.025032938,0.015810277,1.331941541,6
HK,22/6/2008,25,2.646830076,0.015345269,0.031969309,0.017902813,0.882276692,6
HK,29/6/2008,26,3.987255245,0.042821159,0.037783375,0.020151134,0.996813811,6
HK,6/7/2008,27,3.750304903,0.038265306,0.049744898,0.016581633,0.73176681,7
HK,13/7/2008,28,5.514207107,0.075471698,0.06918239,0.013836478,0.743980324,7
HK,20/7/2008,29,11.67076937,0.115062762,0.093096234,0.020920502,0.692785397,7
HK,27/7/2008,30,12.97480687,0.13740458,0.100084818,0.020356234,0.512163429,7
HK,3/8/2008,31,12.88949737,0.132450331,0.131622517,0.023178808,0.520037358,8
HK,10/8/2008,32,8.370245939,0.103746398,0.121037464,0.012487992,0.609977437,8
HK,17/8/2008,33,5.817335448,0.069254984,0.090241343,0.014690451,0.490618652,8
HK,24/8/2008,34,6.081030327,0.053459119,0.081761006,0.008385744,0.443870827,8
HK,31/8/2008,35,4.033282154,0.03686088,0.057074911,0.008323424,0.562783556,8
HK,7/9/2008,36,3.943142049,0.018337408,0.06601467,0.009779951,1.382660199,9
HK,14/9/2008,37,2.682646137,0.019911504,0.043141593,0.008849558,0.701615143,9
HK,21/9/2008,38,2.602212821,0.026900585,0.038596491,0.005847953,0.725206852,9
HK,28/9/2008,39,1.516535259,0.007585335,0.024020228,0.007585335,1.223012306,9
HK,5/10/2008,40,1.224264301,0.00669344,0.025435074,0,0.714154175,10
HK,12/10/2008,41,0.593913302,0.004497751,0.011994003,0.00149925,0.692898853,10
HK,19/10/2008,42,0.635156662,0.00541272,0.01217862,0.00135318,0.45368333,10
HK,26/10/2008,43,0.35104601,0.002836879,0.004255319,0.004255319,0.35104601,10
HK,2/11/2008,44,0.358146648,0.00622084,0.00311042,0,1.313204375,11
HK,9/11/2008,45,0.384987599,0.004172462,0.004172462,0.001390821,1.04496634,11
HK,16/11/2008,46,0.731868612,0.005602241,0.015406162,0.00140056,0.548901459,11
HK,23/11/2008,47,0.409728159,0.006385696,0.006385696,0,0.573619423,11
HK,30/11/2008,48,0.441963886,0.004830918,0.003623188,0.004830918,0.401785351,11
HK,7/12/2008,49,0.157450988,0.003831418,0,0.001277139,0.275539228,12
HK,14/12/2008,50,0.568333009,0.013365735,0.004860267,0,0.530444142,12
HK,21/12/2008,51,0.527995018,0.006637168,0.003318584,0.004424779,0.568610019,12
HK,28/12/2008,52,0.698107977,0.013237064,0.003610108,0.008423586,0.498648555,12
HK,4/1/2009,1,1.519756839,0.034749035,0.014157014,0.005148005,1.049355913,1
HK,11/1/2009,2,2.777881912,0.050257732,0.020618557,0.006443299,1.342642924,1
HK,18/1/2009,3,4.893787543,0.094039735,0.022516556,0.010596026,1.325400793,1
HK,25/1/2009,4,5.285467062,0.147058824,0.031590414,0.011982571,0.906080068,1
HK,1/2/2009,5,9.153464421,0.188235294,0.032941176,0.021176471,0.844251573,2
HK,8/2/2009,6,14.59414198,0.244135534,0.047784535,0.006081668,1.021164453,2
HK,15/2/2009,7,13.07016067,0.209009009,0.046846847,0.009009009,0.978039234,2
HK,22/2/2009,8,14.313385,0.216515609,0.040281974,0.002014099,1.392352626,2
HK,1/3/2009,9,10.40256383,0.190744921,0.030474041,0.005643341,1.293851222,3
HK,8/3/2009,10,7.532268982,0.145411204,0.027413588,0.011918951,0.534548121,3
HK,15/3/2009,11,5.104170771,0.087112172,0.028639618,0.014319809,0.889717841,3
HK,22/3/2009,12,2.868024563,0.042352941,0.030588235,0.014117647,0.542599242,3
HK,29/3/2009,13,2.96400722,0.04556962,0.024050633,0.015189873,0.619344792,3
HK,5/4/2009,14,2.152549529,0.024623803,0.020519836,0.009575923,0.484323644,4
HK,12/4/2009,15,1.458510631,0.016049383,0.012345679,0.009876543,1.082120791,4
HK,19/4/2009,16,1.354988691,0.015695067,0.011210762,0.010089686,0.533783424,4
HK,26/4/2009,17,1.180843636,0.015463918,0.012886598,0.003865979,0.802973672,4
HK,3/5/2009,18,1.58534708,0.015133877,0.01862631,0.003492433,0.594505155,5
HK,10/5/2009,19,1.086995065,0.002441009,0.015459723,0.010577705,0.49691203,5
HK,17/5/2009,20,1.103664116,0.009606148,0.016330451,0.002881844,0.919720096,5
HK,24/5/2009,21,1.513014918,0.010682005,0.017255546,0.009860312,0.822290717,5
HK,31/5/2009,22,2.45264357,0.037362637,0.023443223,0.004395604,0.440924687,5
HK,7/6/2009,23,1.792209292,0.01753203,0.016183412,0.009440324,0.420049053,6
HK,14/6/2009,24,3.00861323,0.046972269,0.025466893,0.002829655,0.475044194,6
HK,21/6/2009,25,4.814925812,0.080570019,0.03315977,0.00356262,0.393743933,6
HK,28/6/2009,26,6.941878206,0.124962897,0.046898189,0.003265064,0.282381486,6
HK,5/7/2009,27,9.886869779,0.128076572,0.105287147,0.002734731,0.362645803,7
HK,12/7/2009,28,14.2457608,0.146792316,0.150054368,0.004349402,0.291429523,7
HK,19/7/2009,29,16.35839273,0.175531915,0.17606383,0.004255319,0.195616057,7
HK,26/7/2009,30,18.79954705,0.20225832,0.173335975,0.005150555,0.107593662,7
HK,2/8/2009,31,18.69196394,0.21754386,0.144657097,0.003827751,0.211760812,8
HK,9/8/2009,32,20.38262509,0.242157029,0.120569781,0.004239444,0.226054992,8
HK,16/8/2009,33,17.25497066,0.246523388,0.122418879,0.004635483,0.145981139,8
HK,23/8/2009,34,27.85773188,0.325129534,0.117135455,0.003700962,0.265862171,8
HK,30/8/2009,35,28.81120473,0.343256489,0.081139953,0.004356508,0.158571406,8
HK,6/9/2009,36,32.84847035,0.334667429,0.079473985,0.007813989,0.267060735,9
HK,13/9/2009,37,44.9607156,0.439872295,0.042923022,0.00248315,0.262928161,9
HK,20/9/2009,38,62.42916472,0.529242914,0.018478651,0.003767492,0.507719297,9
HK,27/9/2009,39,71.03949137,0.584187663,0.012858384,0.001911381,0.350354324,9
HK,4/10/2009,40,57.54141238,0.485324034,0.010171462,0.004068585,0.602527878,10
HK,11/10/2009,41,29.37320378,0.348917154,0.011687865,0.00446889,0.470192528,10
HK,18/10/2009,42,15.49605917,0.235910224,0.002992519,0.00798005,0.469577551,10
HK,25/10/2009,43,8.998365454,0.157357357,0.000600601,0.003603604,0.468316418,10
HK,1/11/2009,44,6.319913502,0.135603001,0.000577034,0.000577034,0.346661922,11
HK,8/11/2009,45,3.29133479,0.076492537,0,0.000621891,0.31851627,11
HK,15/11/2009,46,2.374833495,0.052873563,0.00091954,0,0.202977222,11
HK,22/11/2009,47,3.662388944,0.078888889,0.000555556,0.002222222,0.224227895,11
HK,29/11/2009,48,6.629142772,0.130396476,0.001321586,0.000440529,0.309359996,11
HK,6/12/2009,49,5.802596033,0.130791308,0,0.000410004,0.380795365,12
HK,13/12/2009,50,4.49046756,0.112262522,0.002158895,0.000863558,0.555001609,12
HK,20/12/2009,51,5.698204705,0.114958449,0,0.001846722,0.698198996,12
HK,27/12/2009,52,4.538165738,0.111059044,0.000937207,0.000468604,0.43490755,12
HK,3/1/2010,1,3.68602072,0.125,0.000595238,0.004166667,0.203584541,1
HK,10/1/2010,2,5.048662883,0.118036404,0,0.007170436,0.55203533,1
HK,17/1/2010,3,5.615760741,0.107503991,0,0.006386376,0.571140679,1
HK,24/1/2010,4,4.484100313,0.093167702,0,0.011180124,0.48026886,1
HK,31/1/2010,5,3.492968696,0.068860451,0,0.02559415,0.826890878,1
HK,7/2/2010,6,4.988022522,0.061674009,0,0.032724984,1.126991154,2
HK,14/2/2010,7,4.380022571,0.06202144,0,0.01914242,0.849043168,2
HK,21/2/2010,8,2.701234616,0.034519957,0.001078749,0.027508091,0.229425157,2
HK,28/2/2010,9,5.907316844,0.055019305,0.000482625,0.051640927,0.713721129,2
HK,7/3/2010,10,6.696484305,0.066885965,0.001096491,0.063048246,0.369977485,3
HK,14/3/2010,11,7.156459437,0.058190709,0,0.082151589,0.782785598,3
HK,21/3/2010,12,8.282089444,0.038177874,0.000867679,0.101084599,0.520220565,3
HK,28/3/2010,13,5.85229379,0.0217714,0.001484414,0.074220683,0.573030791,3
HK,4/4/2010,14,4.452849476,0.024761905,0,0.059047619,0.683520707,4
HK,11/4/2010,15,3.792875989,0.021108179,0,0.05474934,0.285714286,4
HK,18/4/2010,16,3.54446997,0.01656051,0.000636943,0.051592357,1.019645605,4
HK,25/4/2010,17,4.527717249,0.016628874,0,0.077097506,0.73846352,4
HK,2/5/2010,18,3.690367969,0.013064133,0.002969121,0.05760095,0.984925945,5
HK,9/5/2010,19,4.124477978,0.027387121,0,0.059215396,0.876714285,5
HK,16/5/2010,20,3.264996203,0.012195122,0,0.054471545,1.015024726,5
HK,23/5/2010,21,4.484310495,0.015971606,0.003549246,0.062999113,1.104514802,5
HK,30/5/2010,22,2.522695327,0.01146789,0.003440367,0.040137615,1.585918047,5
HK,6/6/2010,23,2.105083706,0.009478673,0.003554502,0.036729858,2.037489275,6
HK,13/6/2010,24,2.867512131,0.011173184,0.004469274,0.037988827,1.773791815,6
HK,20/6/2010,25,2.117505078,0.012443439,0.013574661,0.0260181,1.773211199,6
HK,27/6/2010,26,2.973779266,0.016393443,0.010928962,0.039617486,2.412196609,6
HK,4/7/2010,27,4.588910134,0.029885057,0.033333333,0.040229885,2.605815545,7
HK,11/7/2010,28,6.345862059,0.054626533,0.036789298,0.041248606,2.089298311,7
HK,18/7/2010,29,5.387664918,0.055496265,0.052294557,0.026680896,1.697308463,7
HK,25/7/2010,30,8.733617841,0.053648069,0.08583691,0.030042918,2.034300674,7
HK,1/8/2010,31,12.46563882,0.065686275,0.147058824,0.020588235,1.605017874,8
HK,8/8/2010,32,12.40235113,0.052401747,0.193886463,0.019213974,1.557093426,8
HK,15/8/2010,33,12.50855321,0.054971706,0.219078416,0.027485853,1.485409914,8
HK,22/8/2010,34,11.91182846,0.026730637,0.273474983,0.015078821,0.763565328,8
HK,29/8/2010,35,17.59728777,0.026188835,0.281185389,0.009648518,1.369627684,8
HK,5/9/2010,36,16.81223914,0.016823688,0.306191117,0.007402423,0.701334914,9
HK,12/9/2010,37,20.65857776,0.007692308,0.333333333,0.005769231,1.042274928,9
HK,19/9/2010,38,16.16349213,0.01025641,0.259615385,0.009615385,1.223383579,9
HK,26/9/2010,39,17.60263582,0.014613779,0.265135699,0.009742519,1.715020121,9
HK,3/10/2010,40,11.00483144,0.007762879,0.203246295,0.006351447,1.056980598,10
HK,10/10/2010,41,7.623124222,0.023790642,0.13481364,0.007137193,0.876386565,10
HK,17/10/2010,42,5.314658933,0.017377567,0.082148499,0.005529226,1.283785173,10
HK,24/10/2010,43,4.030917964,0.006972112,0.06374502,0.009960159,1.578624865,10
HK,31/10/2010,44,3.225812465,0.00720072,0.04770477,0.01350135,2.442357383,10
HK,7/11/2010,45,1.269881298,0.007943513,0.016769638,0.005295675,1.980630236,11
HK,14/11/2010,46,1.291812911,0.010997643,0.028279654,0.005498822,1.375045341,11
HK,21/11/2010,47,1.477603071,0.013632719,0.015236568,0.008019246,2.265533558,11
HK,28/11/2010,48,1.146616975,0.006546645,0.015548282,0.009819967,2.07439286,11
HK,5/12/2010,49,0.729736751,0.006677796,0.00918197,0.003338898,2.488364412,12
HK,12/12/2010,50,0.799739803,0.010887772,0.003350084,0.005862647,2.723320973,12
HK,19/12/2010,51,1.720139888,0.018593371,0.012126112,0.009700889,3.029549556,12
HK,26/12/2010,52,2.619514239,0.041992188,0.005859375,0.008789063,2.916202175,12
HK,2/1/2011,1,3.722313077,0.066082803,0.011146497,0.007961783,3.200221706,1
HK,9/1/2011,2,7.788562435,0.142067877,0.01183899,0.011049724,4.323105513,1
HK,16/1/2011,3,13.40996131,0.24535093,0.01079784,0.013197361,3.850935499,1
HK,23/1/2011,4,20.70298123,0.287179487,0.01025641,0.017249417,2.762605374,1
HK,30/1/2011,5,23.83677727,0.305524239,0.012965051,0.01578354,1.795200349,1
HK,6/2/2011,6,16.12626142,0.311406578,0.008747376,0.019594122,1.551854745,2
HK,13/2/2011,7,13.31432007,0.253941441,0.004504505,0.013513514,1.918538955,2
HK,20/2/2011,8,12.51758639,0.165938865,0.005614473,0.024329382,2.8425532,2
HK,27/2/2011,9,8.831705549,0.11279143,0.003780718,0.028985507,2.725263515,2
HK,6/3/2011,10,4.275301742,0.061680802,0.00462606,0.035466461,1.349976057,3
HK,13/3/2011,11,2.22936252,0.01863354,0,0.035492458,1.714859565,3
HK,20/3/2011,12,1.901125195,0.013368984,0,0.040106952,1.955780435,3
HK,27/3/2011,13,2.443227966,0.007537688,0,0.047738693,2.206071338,3
HK,3/4/2011,14,1.882721273,0.004385965,0.000877193,0.034210526,1.517950596,4
HK,10/4/2011,15,1.894275363,0.004081633,0,0.03755102,1.756130755,4
HK,17/4/2011,16,2.817284631,0.004960317,0.006944444,0.046626984,2.986185279,4
HK,24/4/2011,17,0.941045759,0.000881834,0.000881834,0.018518519,3.360147087,4
HK,1/5/2011,18,0.90650177,0,0.001064963,0.02342918,2.251865509,5
HK,8/5/2011,19,0.940560877,0,0,0.023809524,3.071096538,5
HK,15/5/2011,20,0.855378728,0,0.002024291,0.018218623,3.185946327,5
HK,22/5/2011,21,0.622604568,0,0,0.014031805,3.458060039,5
HK,29/5/2011,22,0.63954134,0,0.000925926,0.014814815,2.660503238,5
HK,5/6/2011,23,0.760287661,0,0,0.016634051,4.189781315,6
HK,12/6/2011,24,0.540798197,0,0,0.012219959,3.853936795,6
HK,19/6/2011,25,0.805073286,0.003613369,0.000903342,0.016260163,4.103713685,6
HK,26/6/2011,26,1.118878656,0.002085506,0.004171011,0.020855057,4.510929065,6
HK,3/7/2011,27,0.587159958,0.001964637,0.00589391,0.009823183,5.090148246,7
HK,10/7/2011,28,1.291908311,0.004985045,0.011964108,0.014955135,6.563247972,7
HK,17/7/2011,29,1.77606196,0.001053741,0.015806112,0.030558483,3.883686965,7
HK,24/7/2011,30,1.737393042,0,0.021978022,0.025974026,4.619660665,7
HK,31/7/2011,31,1.396010814,0.002150538,0.021505376,0.020430108,4.0175151,7
HK,7/8/2011,32,1.17404725,0.001044932,0.011494253,0.022988506,3.304597701,8
HK,14/8/2011,33,1.3872873,0.000999001,0.018981019,0.024975025,2.289466985,8
HK,21/8/2011,34,1.113021875,0.000968054,0.023233301,0.010648596,1.946243962,8
HK,28/8/2011,35,2.41178583,0.000935454,0.042095416,0.020579981,1.981987769,8
HK,4/9/2011,36,2.171587971,0.000977517,0.048875855,0.007820137,1.620246813,9
HK,11/9/2011,37,2.999727053,0.000896057,0.053763441,0.015232975,1.887940103,9
HK,18/9/2011,38,3.305034275,0,0.069259962,0.014231499,1.525239934,9
HK,25/9/2011,39,2.170663229,0.001048218,0.039832285,0.01048218,1.002407118,9
HK,2/10/2011,40,3.783325519,0,0.085561497,0.008912656,0.923495976,10
HK,9/10/2011,41,3.121558872,0,0.082452431,0.00422833,1.091276679,10
HK,16/10/2011,42,2.737018513,0,0.058044807,0.013238289,1.582940728,10
HK,23/10/2011,43,2.526008147,0,0.067127345,0.000987167,1.132934673,10
HK,30/10/2011,44,2.094484524,0,0.048803828,0.005741627,0.94765259,10
HK,6/11/2011,45,2.510776083,0,0.062170706,0.008429926,0.986918069,11
HK,13/11/2011,46,2.081404201,0,0.047486034,0.014897579,0.878940956,11
HK,20/11/2011,47,1.896215902,0,0.044806517,0.009164969,1.046812981,11
HK,27/11/2011,48,3.043625406,0,0.066225166,0.014191107,0.925011253,11
HK,4/12/2011,49,2.386153641,0,0.040877368,0.021934197,1.221976115,12
HK,11/12/2011,50,3.090648852,0.000928505,0.038997214,0.038068709,1.224748293,12
HK,18/12/2011,51,4.157682519,0,0.034257749,0.061990212,1.524149892,12
HK,25/12/2011,52,3.19293151,0.000832639,0.037468776,0.058284763,0.916775646,12
HK,1/1/2012,53,3.786956028,0.001303631,0.035593305,0.063747528,0.845904092,1
HK,8/1/2012,1,3.23877677,0.001774623,0.033717835,0.069210293,1.180232213,1
HK,15/1/2012,2,5.677588901,0.001833181,0.040329973,0.09715857,1.382044667,1
HK,22/1/2012,3,6.609790966,0.002502085,0.05087573,0.157631359,0.627015744,1
HK,29/1/2012,4,8.36542419,0.00351803,0.056288478,0.140721196,0.623737769,1
HK,5/2/2012,5,13.54604835,0.002053388,0.073921971,0.201916496,1.167762789,2
HK,12/2/2012,6,12.83758578,0.006397953,0.049264235,0.213051823,0.611313609,2
HK,19/2/2012,7,17.00563716,0.008695652,0.048115942,0.235362319,0.843533589,2
HK,26/2/2012,8,14.2795999,0.002390915,0.041841004,0.207411835,0.847957239,2
HK,4/3/2012,9,11.39975976,0,0.052147239,0.174846626,0.647013392,3
HK,11/3/2012,10,11.25744441,0.001039501,0.04989605,0.172557173,0.602142376,3
HK,18/3/2012,11,12.69489263,0.002596054,0.098650052,0.132398754,0.592428323,3
HK,25/3/2012,12,12.72906062,0,0.118465228,0.12470024,0.477025941,3
HK,1/4/2012,13,9.511485662,0.001873536,0.123185012,0.081030445,0.324255193,4
HK,8/4/2012,14,8.421264618,0.001599147,0.119402985,0.059701493,0.546512748,4
HK,15/4/2012,15,6.91356817,0.000672948,0.130551817,0.033647376,0.620810203,4
HK,22/4/2012,16,7.774717059,0.000642261,0.16955684,0.021194605,0.339165509,4
HK,29/4/2012,17,13.08476102,0.002700878,0.203916273,0.02498312,0.495923887,4
HK,6/5/2012,18,11.22319943,0.002058672,0.207925888,0.017498713,0.71097191,5
HK,13/5/2012,19,16.6382418,0.002834199,0.284837034,0.008502598,0.6368705,5
HK,20/5/2012,20,21.80655933,0.002071251,0.362468931,0.007456504,0.388535578,5
HK,27/5/2012,21,26.48483953,0.001114827,0.391675957,0.003716091,0.546079166,5
HK,3/6/2012,22,20.01183446,0.002056767,0.372274784,0.00123406,0.526050413,6
HK,10/6/2012,23,14.65184592,0.000801925,0.286287089,0.001202887,0.692855023,6
HK,17/6/2012,24,10.06938005,0,0.22217215,0.004506534,0.520484854,6
HK,24/6/2012,25,9.205243779,0.001127396,0.211386697,0.000563698,0.925394877,6
HK,1/7/2012,26,4.699763434,0.001517451,0.138593829,0.003034901,0.4816012,7
HK,8/7/2012,27,3.951628438,0.001315789,0.109868421,0.000657895,0.627611575,7
HK,15/7/2012,28,4.033101073,0.001453488,0.098837209,0,0.789084993,7
HK,22/7/2012,29,1.820250051,0.002205882,0.058823529,0,0.833367493,7
HK,29/7/2012,30,2.130900066,0.002390438,0.051792829,0.003984064,1.196806886,7
HK,5/8/2012,31,1.355243016,0.00148368,0.052670623,0.00074184,0.769191982,8
HK,12/8/2012,32,0.71576313,0,0.036613272,0,0.47717542,8
HK,19/8/2012,33,0.975172632,0,0.036065574,0,0.221630144,8
HK,26/8/2012,34,1.106389664,0.000773994,0.031733746,0,0.474166999,8
HK,2/9/2012,35,0.729001042,0,0.024096386,0.000803213,0.258677789,9
HK,9/9/2012,36,0.447868271,0.001699235,0.020390824,0.000849618,0.116113996,9
HK,16/9/2012,37,0.521113373,0.000829876,0.012448133,0.000829876,0.367844734,9
HK,23/9/2012,38,1.039074619,0,0.030551416,0.000745156,0.247398719,9
HK,30/9/2012,39,0.404203719,0.000808407,0.009700889,0,0.217648156,9
HK,7/10/2012,40,0.385831244,0.002575107,0.006866953,0.000858369,0.257220829,10
HK,14/10/2012,41,0.441701579,0.00351803,0.008795075,0.000879507,0.706722526,10
HK,21/10/2012,42,0.301986669,0.001687764,0.005063291,0.002531646,0.741240005,10
HK,28/10/2012,43,0.317684185,0.000921659,0.006451613,0.000921659,0.317684185,10
HK,4/11/2012,44,0.166846315,0.002884615,0.000961538,0.000961538,0.233584841,11
HK,11/11/2012,45,0.225554315,0.002369668,0.004739336,0,0.375923859,11
HK,18/11/2012,46,0.242298999,0.00167364,0.00334728,0.00251046,0.430753777,11
HK,25/11/2012,47,0.256672897,0.001532567,0.006130268,0,0.667349532,11
HK,2/12/2012,48,0.408078323,0.000829876,0.008298755,0.003319502,0.816156646,12
HK,9/12/2012,49,1.074539079,0.006334125,0.021377672,0.002375297,0.791765637,12
HK,16/12/2012,50,1.104574085,0.006433167,0.020014296,0.002144389,0.579901395,12
HK,23/12/2012,51,1.54942744,0.023709902,0.011157601,0.0027894,0.573862015,12
HK,30/12/2012,52,1.180090814,0.012839879,0.018882175,0.000755287,0.439103559,12
HK,6/1/2013,1,1.283294743,0.013866232,0.022838499,0.000815661,0.892726778,1
HK,13/1/2013,2,1.768571105,0.020891365,0.027855153,0.004178273,0.558496138,1
HK,20/1/2013,3,1.741310442,0.026700572,0.018436109,0.002542912,0.673306704,1
HK,27/1/2013,4,2.506730951,0.028714107,0.02309613,0.005617978,0.653929813,1
HK,3/2/2013,5,2.664907499,0.039002558,0.023657289,0.003836317,0.717475096,2
HK,10/2/2013,6,1.540465587,0.048883524,0.015087508,0.001207001,0.527752099,2
HK,17/2/2013,7,1.583761729,0.055862069,0.02,0.00137931,0,2
HK,24/2/2013,8,3.770786916,0.070133011,0.013301088,0.003022975,1.608517496,2
HK,3/3/2013,9,4.324059721,0.071387778,0.016561965,0.002855511,0.435125507,3
HK,10/3/2013,10,4.852685331,0.078466077,0.020058997,0.003539823,0.589054289,3
HK,17/3/2013,11,4.093309122,0.080498866,0.014739229,0.005102041,0.439394764,3
HK,24/3/2013,12,4.111011257,0.059798697,0.021314387,0.005328597,1.717614292,3
HK,31/3/2013,13,4.729589842,0.066044029,0.017344897,0.00466978,0.573283617,3
HK,7/4/2013,14,4.056023829,0.056774194,0.021935484,0.003870968,0.728816782,4
HK,14/4/2013,15,2.633563251,0.055711874,0.009003939,0.007315701,0.288045981,4
HK,21/4/2013,16,3.510147116,0.050619278,0.01453958,0.002692515,0.334299725,4
HK,28/4/2013,17,1.508030934,0.041046996,0.004759072,0.002379536,0.297882654,4
HK,5/5/2013,18,1.324362547,0.024925816,0.009495549,0.005934718,0.253186957,5
HK,12/5/2013,19,1.320897518,0.019171305,0.009894867,0.000618429,0.605411363,5
HK,19/5/2013,20,1.449320954,0.02027027,0.008108108,0.005405405,0.550741962,5
HK,26/5/2013,21,1.355714823,0.024344569,0.005617978,0.003121099,0.383692874,5
HK,2/6/2013,22,0.994402333,0.013207547,0.005660377,0.004402516,0.564390513,6
HK,9/6/2013,23,1.238140737,0.012936611,0.013583441,0.003234153,0.99589581,6
HK,16/6/2013,24,1.237088873,0.014715291,0.01215611,0.004478567,0.530180945,6
HK,23/6/2013,25,1.812479275,0.02318094,0.018673535,0.003219575,0.776776832,6
HK,30/6/2013,26,1.721724281,0.018324607,0.016361257,0.006544503,1.065829317,6
HK,7/7/2013,27,2.60800113,0.022912047,0.027346637,0.002956393,0.905555948,7
HK,14/7/2013,28,2.105021745,0.016608997,0.039446367,0.004152249,0.725869567,7
HK,21/7/2013,29,2.714957456,0.014367816,0.05316092,0.002155172,0.979623824,7
HK,28/7/2013,30,2.493929064,0.011580381,0.059264305,0.000681199,0.712551161,7
HK,4/8/2013,31,3.284626579,0.019023462,0.071020926,0.001268231,0.729917018,8
HK,11/8/2013,32,3.542110873,0.011370437,0.080191502,0.002393776,0.406101884,8
HK,18/8/2013,33,3.828590555,0.012704174,0.08953418,0.003629764,0.371920225,8
HK,25/8/2013,34,3.452150482,0.008580858,0.073267327,0.00330033,0.401412847,8
HK,1/9/2013,35,3.094855575,0.009192383,0.063690085,0.003282994,0.613635157,9
HK,8/9/2013,36,3.856586926,0.0056926,0.087286528,0.008855155,0.574894946,9
HK,15/9/2013,37,4.371017621,0.011309524,0.125,0.008333333,0.39572999,9
HK,22/9/2013,38,5.815130242,0.00362757,0.120918984,0.009673519,0.392914206,9
HK,29/9/2013,39,3.051912064,0.004057971,0.08057971,0.017971014,0.310363939,9
HK,6/10/2013,40,4.485561094,0,0.077021006,0.013367282,0.537003793,10
HK,13/10/2013,41,3.586960784,0.005398111,0.068151147,0.013495277,0.611729746,10
HK,20/10/2013,42,1.704657953,0.001484781,0.033407572,0.006681514,0.669687053,10
HK,27/10/2013,43,0.967839705,0,0.021536253,0.003589375,0.857229453,10
HK,3/11/2013,44,1.305816271,0.001967213,0.018360656,0.009180328,1.073671156,11
HK,10/11/2013,45,0.989012075,0.000678426,0.014925373,0.012211669,0.868400846,11
HK,17/11/2013,46,0.959138546,0.003062787,0.02143951,0.003828484,1.14059719,11
HK,24/11/2013,47,0.7876818,0.000691563,0.017289073,0.005532503,0.926684471,11
HK,1/12/2013,48,0.746195418,0.005579665,0.008679479,0.005579665,0.862788452,12
HK,8/12/2013,49,0.829864041,0.004127967,0.009803922,0.010835913,1.15835189,12
HK,15/12/2013,50,1.364499415,0.006846189,0.010041077,0.019169329,0.759974358,12
HK,22/12/2013,51,2.273945197,0.01427816,0.020095188,0.028027499,0.982806822,12
HK,29/12/2013,52,2.778078991,0.023425299,0.038001041,0.02134305,0.524165847,12
HK,5/1/2014,1,5.568273982,0.04297597,0.0512939,0.029574861,0.810308527,1
HK,12/1/2014,2,8.690424431,0.095356551,0.058043118,0.045190713,0.598714,1
HK,19/1/2014,3,11.40444906,0.10793238,0.062418726,0.045080191,0.642504173,1
HK,26/1/2014,4,11.75487893,0.117806103,0.065276168,0.049053689,0.391177336,1
HK,2/2/2014,5,12.12279257,0.119955157,0.063901345,0.066890882,0.307134834,2
HK,9/2/2014,6,15.12876012,0.129520053,0.058185404,0.066403682,0.528430172,2
HK,16/2/2014,7,10.3450621,0.156491499,0.064914992,0.069938176,0.576250144,2
HK,23/2/2014,8,14.81952781,0.149704759,0.071552622,0.092740535,0.754091017,2
HK,2/3/2014,9,14.63410159,0.142609299,0.061762665,0.100971548,0.598667792,3
HK,9/3/2014,10,9.698833128,0.091017488,0.052066773,0.115659777,0.476747558,3
HK,16/3/2014,11,11.08694998,0.050143855,0.032059186,0.11837238,0.636136474,3
HK,23/3/2014,12,9.447296482,0.043086565,0.023501763,0.117117117,0.705022126,3
HK,30/3/2014,13,7.75462623,0.024082116,0.020923806,0.11725227,0.867914371,3
HK,6/4/2014,14,5.684694763,0.021043001,0.018298262,0.086459286,0.826864693,4
HK,13/4/2014,15,4.916643481,0.014890282,0.020768025,0.076802508,0.839426936,4
HK,20/4/2014,16,3.944226564,0.011260286,0.009094846,0.069727155,0.891243503,4
HK,27/4/2014,17,3.873644165,0.003047453,0.008271659,0.064867218,0.509107519,4
HK,4/5/2014,18,2.619159421,0.002735978,0.011399909,0.053351573,1.221094595,5
HK,11/5/2014,19,2.033795283,0.001034661,0.015002587,0.032591826,0.865444801,5
HK,18/5/2014,20,1.442127077,0.007295466,0.005732152,0.030224075,0.608125876,5
HK,25/5/2014,21,2.252027468,0.003042596,0.019269777,0.030933063,1.201081316,5
HK,1/6/2014,22,3.387572365,0.002911208,0.038816109,0.026200873,1.54860451,6
HK,8/6/2014,23,5.569374029,0.005628518,0.055347092,0.037523452,1.43212475,6
HK,15/6/2014,24,5.674117241,0.005497022,0.087494274,0.029317453,1.551350407,6
HK,22/6/2014,25,5.395854462,0.002441406,0.079101563,0.029296875,1.307365619,6
HK,29/6/2014,26,4.089326663,0.00109589,0.078356164,0.018630137,1.759095827,6
HK,6/7/2014,27,3.248267878,0.001606856,0.091590787,0.007498661,1.451353733,7
HK,13/7/2014,28,3.893408488,0.001028278,0.08688946,0.00874036,2.050252342,7
HK,20/7/2014,29,3.665459772,0.001559252,0.071725572,0.017151767,1.537807836,7
HK,27/7/2014,30,2.18935737,0,0.059606481,0.010416667,1.755104668,7
HK,3/8/2014,31,1.684754408,0.000585138,0.056173201,0.016968988,0.976087871,8
HK,10/8/2014,32,0.88534297,0.000604961,0.045977011,0.007259528,0.815709253,8
HK,17/8/2014,33,0.374010108,0.002582311,0.027759845,0.007101356,0.386907008,8
HK,24/8/2014,34,1.031395991,0.001351351,0.025,0.007432432,1.010768071,8
HK,31/8/2014,35,1.103820298,0.001221001,0.02991453,0.005494505,1.177408318,8
HK,7/9/2014,36,0.757756751,0.000542299,0.017895879,0.004338395,0.902091371,9
HK,14/9/2014,37,1.052188552,0.000541126,0.012445887,0.010281385,1.345822567,9
HK,21/9/2014,38,0.866789255,0.000513084,0.01128784,0.007696254,1.687958022,9
HK,28/9/2014,39,0.324015315,0.001512859,0.004538578,0.00706001,0.735265522,9
HK,5/10/2014,40,0.553656474,0.0041841,0.008368201,0.006276151,1.030416216,10
HK,12/10/2014,41,0.192594598,0.001077006,0.003231018,0.002692515,1.096307712,10
HK,19/10/2014,42,0.32300772,0.002107482,0.004741834,0.002107482,1.57703769,10
HK,26/10/2014,43,0.234942241,0.002225932,0.001669449,0.002225932,1.131994434,10
HK,2/11/2014,44,0.194441544,0.000509684,0.003058104,0.001019368,2.052438522,11
HK,9/11/2014,45,0.105248279,0,0.00203666,0.000509165,2.210213868,11
HK,16/11/2014,46,0.067898257,0,0.001655629,0.000551876,1.969049441,11
HK,23/11/2014,47,0.391103987,0,0.005233111,0.003330162,2.042431934,11
HK,30/11/2014,48,0.392838408,0,0.007009346,0.000934579,2.888517706,11
HK,7/12/2014,49,0.608079861,0,0.014180929,0.001466993,2.223291992,12
HK,14/12/2014,50,1.235435338,0.000463392,0.028730306,0.00463392,2.030852611,12
HK,21/12/2014,51,1.712356003,0,0.032448378,0.001264223,2.996623005,12
HK,28/12/2014,52,2.941144673,0.008016032,0.079759519,0.00240481,1.163386115,12
HK,4/1/2015,1,6.003623064,0,0.145650049,0.006516781,1.722667003,1
HK,11/1/2015,2,11.32512397,0.000895255,0.208296031,0.00925097,1.624505488,1
HK,18/1/2015,3,16.99173194,0.000884434,0.28125,0.01120283,1.878482928,1
HK,25/1/2015,4,24.97118689,0.001158749,0.349478563,0.009269988,1.607932189,1
HK,1/2/2015,5,23.57177118,0.002891845,0.375361481,0.007711587,0.965477141,2
HK,8/2/2015,6,24.55796397,0.00144211,0.334157396,0.010094767,1.287902759,2
HK,15/2/2015,7,18.7185598,0.001290323,0.26,0.011397849,1.387653487,2
HK,22/2/2015,8,5.32366366,0.001481847,0.235366757,0.013830575,0.49302895,2
HK,1/3/2015,9,9.856195008,0.002333475,0.205770047,0.014425117,0.798643065,3
HK,8/3/2015,10,10.36317944,0.005790109,0.170084439,0.021230398,0.723012519,3
HK,15/3/2015,11,6.918597756,0.004736842,0.151578947,0.022894737,0.447016595,3
HK,22/3/2015,12,5.242740883,0.004397752,0.123870022,0.022233081,0.391503378,3
HK,29/3/2015,13,5.816739651,0.003846154,0.111538462,0.02967033,0.627943485,3
HK,5/4/2015,14,4.320378746,0.002529816,0.071196241,0.030357788,0.570049973,4
HK,12/4/2015,15,4.453126589,0.00271337,0.069807597,0.034533794,0.400165753,4
HK,19/4/2015,16,3.334614751,0.000916031,0.043969466,0.035725191,0.46735131,4
HK,26/4/2015,17,4.217181211,0.001616554,0.049466537,0.038797284,0.348903482,4
HK,3/5/2015,18,3.278045723,0.004683841,0.037136166,0.035797926,0.508662267,5
HK,10/5/2015,19,2.651487877,0.003721245,0.030446549,0.027063599,0.498069546,5
HK,17/5/2015,20,2.89566274,0.003130435,0.036869565,0.027130435,0.525120186,5
HK,24/5/2015,21,4.543551089,0.003230438,0.047738693,0.026920316,0.795644891,5
HK,31/5/2015,22,4.892128756,0.001349983,0.06243672,0.032062099,0.620128997,5
HK,7/6/2015,23,6.885383409,0,0.117770453,0.03266407,0.795522386,6
HK,14/6/2015,24,11.56338555,0.00078637,0.165661861,0.030406291,0.939236376,6
HK,21/6/2015,25,13.67199598,0.002298851,0.224137931,0.031321839,0.823063303,6
HK,28/6/2015,26,12.6014547,0.002202643,0.215859031,0.022515908,0.705066133,6
HK,5/7/2015,27,12.16749761,0.004705882,0.233986928,0.021437908,0.562517477,7
HK,12/7/2015,28,8.102991291,0.002631579,0.182163743,0.015204678,0.746328145,7
HK,19/7/2015,29,7.071370594,0.001569366,0.12962963,0.013810421,0.658157869,7
HK,26/7/2015,30,3.628796366,0.00179019,0.08736126,0.013605442,0.366672804,7
HK,2/8/2015,31,2.100930027,0.001071811,0.05537692,0.010360843,0.426926957,8
HK,9/8/2015,32,2.37352834,0.002415459,0.053140097,0.010351967,0.397659198,8
HK,16/8/2015,33,1.599542829,0.000693722,0.036767256,0.015955602,0.373919103,8
HK,23/8/2015,34,1.645736235,0.000769527,0.038091574,0.015775298,0.394049521,8
HK,30/8/2015,35,2.131439459,0.0007249,0.038782167,0.008698804,0.785267169,8
HK,6/9/2015,36,0.961917391,0,0.020391843,0.005197921,0.526048573,9
HK,13/9/2015,37,0.990888994,0,0.021356313,0.002997377,0.50306672,9
HK,20/9/2015,38,0.891461568,0.00102529,0.012645249,0.004442925,0.555060976,9
HK,27/9/2015,39,0.464028442,0.000353107,0.009180791,0.002471751,0.5868595,9
HK,4/10/2015,40,0.665651764,0.00074599,0.008951884,0.004102947,0.665651764,10
HK,11/10/2015,41,0.395304498,0.002215657,0.003692762,0.004062038,0.658840831,10
HK,18/10/2015,42,0.345349978,0,0.007275373,0.001818843,0.497303968,10
HK,25/10/2015,43,0.337105137,0.000346021,0.00449827,0.003114187,0.806120981,10
HK,1/11/2015,44,0.280758778,0.001717623,0.005152868,0.001374098,0.467931296,11
HK,8/11/2015,45,0.397535112,0.000684697,0.005819925,0.003765834,0.67580969,11
HK,15/11/2015,46,0.54847426,0.003925767,0.003211991,0.004639543,0.764539878,11
HK,22/11/2015,47,0.238596554,0.000722022,0.001444043,0.003610108,0.611403669,11
HK,29/11/2015,48,0.564204165,0.005372493,0.002507163,0.005372493,0.747189299,11
HK,6/12/2015,49,0.377122233,0.002651641,0.001988731,0.003314551,0.785671319,12
HK,13/12/2015,50,0.334707898,0.001391788,0.00243563,0.003479471,0.669415796,12
HK,20/12/2015,51,0.679077192,0.004549886,0.003574911,0.006824829,0.738127383,12
HK,27/12/2015,52,0.850880286,0.008972772,0.003094059,0.009282178,0.369947951,12
HK,3/1/2016,1,1.434372043,0.015685019,0.004161332,0.011203585,0.517556923,1
HK,10/1/2016,2,1.756835443,0.026529338,0.003121099,0.014357054,0.548232337,1
HK,17/1/2016,3,2.9656656,0.032945736,0.004198966,0.016472868,0.696752761,1
HK,24/1/2016,4,4.841544817,0.049085366,0.003963415,0.017073171,0.989359158,1
HK,31/1/2016,5,3.46489091,0.064461408,0.00310998,0.018942607,0.237786631,1
HK,7/2/2016,6,8.390454474,0.10343075,0.013977128,0.039644219,0.665262572,2
HK,14/2/2016,7,12.17030455,0.155809859,0.012984155,0.053697183,0.674121716,2
HK,21/2/2016,8,11.38927793,0.159926471,0.010620915,0.068627451,0.593292873,2
HK,28/2/2016,9,17.41529769,0.171405525,0.011090946,0.074611817,0.874179649,2
HK,6/3/2016,10,20.74118607,0.144618395,0.008806262,0.098630137,1.062824752,3
HK,13/3/2016,11,15.16114575,0.101913567,0.005375188,0.108793808,0.844800161,3
HK,20/3/2016,12,12.72986371,0.074170002,0.004709206,0.103838003,1.033481203,3
HK,27/3/2016,13,12.16875912,0.084233261,0.005553841,0.113236655,1.368523062,3
HK,3/4/2016,14,12.58862073,0.070548075,0.005689361,0.108477148,0.827178364,4
HK,10/4/2016,15,9.804260575,0.065159894,0.005289733,0.098821832,1.058414494,4
HK,17/4/2016,16,9.500486953,0.071990172,0.004668305,0.085749386,1.092340406,4
HK,24/4/2016,17,8.990487626,0.060009718,0.006073858,0.083333333,0.6286032,4
HK,1/5/2016,18,7.579323091,0.045370797,0.006218333,0.086826347,0.718837631,5
HK,8/5/2016,19,4.673129248,0.037341299,0.00497884,0.066218571,0.653809367,5
HK,15/5/2016,20,3.950130855,0.027947598,0.006113537,0.05705968,0.795074261,5
HK,22/5/2016,21,3.381214205,0.019426049,0.004856512,0.054966887,1.243231964,5
HK,29/5/2016,22,2.30014321,0.009251916,0.00581549,0.041501454,0.93510495,5
HK,5/6/2016,23,1.403410565,0.006831319,0.004992118,0.019705728,1.239679333,6
HK,12/6/2016,24,1.015450623,0.006658596,0.002723971,0.021791768,1.045026855,6
HK,19/6/2016,25,0.980062522,0.000919681,0.009809933,0.014101778,1.294650492,6
HK,26/6/2016,26,1.276362751,0.001736614,0.013314038,0.013024602,1.76322277,6
HK,3/7/2016,27,2.418113518,0.001006036,0.035546613,0.012743125,2.171367241,7
HK,10/7/2016,28,1.293382822,0.000971817,0.025591189,0.009394234,1.35164331,7
HK,17/7/2016,29,1.421271426,0.000309023,0.025339926,0.005562423,1.716783306,7
HK,24/7/2016,30,2.074266408,0.000311915,0.033063007,0.004990643,2.681368771,7
HK,31/7/2016,31,1.940125462,0.001617599,0.032999029,0.004852798,1.940125462,7
HK,7/8/2016,32,1.080355415,0.001976936,0.037891269,0.002306425,0.970631818,8
HK,14/8/2016,33,1.8224719,0.001970443,0.034154351,0.005582923,1.377616554,8
HK,21/8/2016,34,1.604125744,0.001405975,0.039367311,0.00456942,1.044546996,8
HK,28/8/2016,35,3.227345947,0.001956947,0.069145466,0.003261579,1.316417426,8
HK,4/9/2016,36,3.653664942,0.001983471,0.06677686,0.003636364,0.900903684,9
HK,11/9/2016,37,3.584356951,0.000328947,0.075986842,0.000986842,0.99141788,9
HK,18/9/2016,38,6.860737584,0.000901442,0.140024038,0.003004808,0.759121278,9
HK,25/9/2016,39,7.526061531,0.001779812,0.138571065,0.000762777,0.88143063,9
HK,2/10/2016,40,6.985956214,0.000304414,0.122678843,0.001217656,0.924611852,10
HK,9/10/2016,41,6.364961575,0.000535906,0.120578778,0.000803859,1.021191637,10
HK,16/10/2016,42,5.064692649,0,0.102113724,0.001190831,1.211439452,10
HK,23/10/2016,43,4.229741878,0.000322061,0.086956522,0.001932367,1.221586102,10
HK,30/10/2016,44,4.193941552,0.00059453,0.084423306,0.001189061,1.720962223,10
HK,6/11/2016,45,4.192776545,0.000304321,0.087340231,0.000304321,1.508819241,11
HK,13/11/2016,46,3.809618539,0.000292997,0.079109288,0.000292997,1.526648606,11
HK,20/11/2016,47,3.882334959,0,0.069955407,0.00083612,1.604902247,11
HK,27/11/2016,48,3.015448123,0.000288684,0.064376443,0.000288684,1.340199166,11
HK,4/12/2016,49,2.920078483,0.000568343,0.059960216,0.001420858,1.218931844,12
HK,11/12/2016,50,2.725050892,0.000273448,0.052775499,0.000546896,1.473752013,12
HK,18/12/2016,51,2.437357429,0.000264131,0.045694665,0.004490227,1.505801972,12
HK,25/12/2016,52,1.35029015,0.000820345,0.041017227,0.001914137,0.978960359,12
HK,1/1/2017,53,2.218857806,0.000570125,0.060148233,0.001995439,1.38174327,1
HK,8/1/2017,1,2.514602749,0.003177125,0.056129203,0.002118083,1.745047598,1
HK,15/1/2017,2,2.700282634,0.005251313,0.069767442,0.005501375,1.031474422,1
HK,22/1/2017,3,3.19626994,0.004232804,0.076190476,0.000793651,1.270178934,1
HK,29/1/2017,4,3.499342056,0.006928406,0.07534642,0.005484988,1.15109936,1
HK,5/2/2017,5,2.393227849,0.007945516,0.072644722,0.004540295,0.657339916,2
HK,12/2/2017,6,4.240778179,0.006091618,0.077241715,0.003411306,1.143580633,2
HK,19/2/2017,7,5.08230456,0.00427655,0.081254455,0.005226895,1.383664069,2
HK,26/2/2017,8,4.743679343,0.005091414,0.079842629,0.006479981,0.684530943,2
HK,5/3/2017,9,5.03367781,0.007311723,0.08018523,0.004874482,0.942984497,3
HK,12/3/2017,10,4.924420499,0.003789673,0.072951208,0.006631928,1.426962758,3
HK,19/3/2017,11,4.249366509,0.004559635,0.061195104,0.007439405,1.05885854,3
HK,26/3/2017,12,3.916844523,0.009035409,0.053724054,0.007570208,1.115212677,3
HK,2/4/2017,13,2.478643465,0.008503401,0.036443149,0.01068999,0.887549188,4
HK,9/4/2017,14,3.149893631,0.008570029,0.037708129,0.009059745,1.588884398,4
HK,16/4/2017,15,2.446820616,0.009369144,0.038725796,0.014366021,1.015430556,4
HK,23/4/2017,16,2.527055217,0.016966269,0.049282973,0.013734599,1.033795316,4
HK,30/4/2017,17,4.944531004,0.032421479,0.056737589,0.009878419,1.643961715,4
HK,7/5/2017,18,5.706957453,0.035185635,0.057752973,0.012375637,1.656858615,5
HK,14/5/2017,19,6.029875718,0.03031032,0.075535242,0.012990137,1.513572043,5
HK,21/5/2017,20,7.478934329,0.028630325,0.096426935,0.009161704,1.595335821,5
HK,28/5/2017,21,7.117563759,0.021532185,0.106754306,0.011786038,1.289914468,5
HK,4/6/2017,22,8.70118501,0.022809635,0.120656576,0.012364101,1.690243873,6
HK,11/6/2017,23,6.667903304,0.021543986,0.121184919,0.007854578,1.361404996,6
HK,18/6/2017,24,8.303449629,0.018062768,0.134567622,0.008579815,1.651386341,6
HK,25/6/2017,25,11.78133684,0.013060122,0.184643098,0.007881108,1.729133775,6
HK,2/7/2017,26,21.0497198,0.016178579,0.28957608,0.006962933,2.481302923,7
HK,9/7/2017,27,21.30901495,0.015764668,0.329270275,0.01105152,1.945140571,7
HK,16/7/2017,28,26.57171979,0.015992892,0.379090774,0.01081001,1.49290217,7
HK,23/7/2017,29,29.60411023,0.014914461,0.364965638,0.007603451,1.698047077,7
HK,30/7/2017,30,25.59619512,0.006184656,0.342512148,0.005006626,1.513180561,7
HK,6/8/2017,31,16.12663496,0.003657262,0.242250087,0.006443748,1.012783838,8
HK,13/8/2017,32,10.14526168,0.004510688,0.167091587,0.00627574,1.297519686,8
HK,20/8/2017,33,6.78307297,0.010239651,0.106535948,0.009803922,0.910636302,8
HK,27/8/2017,34,4.642086178,0.005932606,0.070953963,0.011865211,0.844015669,8
HK,3/9/2017,35,1.796864802,0.004432855,0.031551499,0.011212516,0.784266958,9
HK,10/9/2017,36,1.496679996,0.006624271,0.018282989,0.010068892,0.63495515,9
HK,17/9/2017,37,1.697704039,0.006178942,0.014087988,0.014582304,0.698346342,9
HK,24/9/2017,38,1.238609588,0.001697793,0.01188455,0.012612176,0.860145547,9
HK,1/10/2017,39,0.8262456,0.002308876,0.00564392,0.011544382,0.66317081,10
HK,8/10/2017,40,0.608061449,0.002808989,0.003651685,0.008988764,0.873397354,10
HK,15/10/2017,41,0.726994197,0.001823867,0.006774362,0.012767066,0.771323111,10
HK,22/10/2017,42,0.825525431,0.000547495,0.007117438,0.011223652,1.172485395,10
HK,29/10/2017,43,0.887315702,0.0020908,0.005077658,0.014934289,1.295001295,10
HK,5/11/2017,44,0.888611603,0.002157756,0.006473268,0.014864541,0.970218791,11
HK,12/11/2017,45,0.866235162,0.000514007,0.00539707,0.01387818,1.068731693,11
HK,19/11/2017,46,0.700039884,0.002116402,0.002910053,0.012698413,0.992593865,11
HK,26/11/2017,47,0.953819289,0.003817835,0.002454322,0.015816744,1.095125851,11
HK,3/12/2017,48,0.961222127,0.002900844,0.006065401,0.018196203,0.877231844,12
HK,10/12/2017,49,1.163838647,0.002318393,0.003863988,0.02189593,1.04638704,12
HK,17/12/2017,50,1.450717331,0.004396678,0.004396678,0.025403029,0.756445466,12
HK,24/12/2017,51,1.970974793,0.003182375,0.005875153,0.042105263,0.707287605,12
HK,31/12/2017,52,2.976162445,0.009074812,0.007525454,0.075918548,0.747600614,12
HK,7/1/2018,1,5.781649502,0.017050298,0.015771526,0.112531969,0.762974274,1
HK,14/1/2018,2,9.333860026,0.016846229,0.011165524,0.133398629,1.110095003,1
HK,21/1/2018,3,16.01887208,0.024944259,0.016443701,0.187569677,0.994476538,1
HK,28/1/2018,4,19.70160848,0.021687384,0.012695054,0.222295689,0.822169133,1
HK,4/2/2018,5,17.84335291,0.023651845,0.011217732,0.201648871,0.989031561,2
HK,11/2/2018,6,16.76503032,0.032335329,0.009341317,0.193293413,0.769038088,2
HK,18/2/2018,7,9.648994105,0.034957292,0.010281556,0.220025308,0.270424999,2
HK,25/2/2018,8,14.75664485,0.043369994,0.008300477,0.205229301,0.554268163,2
HK,4/3/2018,9,9.820955279,0.052831726,0.007877224,0.144506315,0.532970439,3
HK,11/3/2018,10,6.682092782,0.05145098,0.00627451,0.10854902,0.523220473,3
HK,18/3/2018,11,5.811383764,0.045977011,0.006189213,0.076038904,0.416816491,3
HK,25/3/2018,12,3.977384693,0.034095098,0.00589753,0.049391817,0.475646004,3
HK,1/4/2018,13,2.037268186,0.018806419,0.004012036,0.033851555,0.378607362,4
HK,8/4/2018,14,0.803369539,0.013205282,0.004115932,0.019550677,0.269035381,4
HK,15/4/2018,15,0.853490797,0.017321785,0.006218077,0.010437486,0.267761819,4
HK,22/4/2018,16,0.826552344,0.012302693,0.00371402,0.003946147,0.528609057,4
HK,29/4/2018,17,1.202388765,0.016099356,0.004829807,0.004599816,0.519951898,4
HK,6/5/2018,18,1.018233913,0.012690355,0.003461006,0.00553761,0.552446059,5
HK,13/5/2018,19,0.735003386,0.009512485,0.00332937,0.004280618,0.612502822,5
HK,20/5/2018,20,0.5096247,0.008085008,0.003465003,0.000693001,0.442315777,5
HK,27/5/2018,21,0.533985178,0.007093876,0.00472925,0.0018917,0.405092204,5
HK,3/6/2018,22,0.438036071,0.007617234,0.002856463,0.000952154,0.401533065,6
HK,10/6/2018,23,0.567631314,0.00974026,0.003746254,0.000999001,0.381683125,6
HK,17/6/2018,24,0.410696967,0.010482691,0.001462701,0.000975134,0.294461976,6
HK,24/6/2018,25,0.461469596,0.009421951,0.001527884,0.000254647,0.367078088,6
HK,1/7/2018,26,0.298223746,0.004265997,0.002760351,0.001003764,0.493933079,7
HK,8/7/2018,27,0.741661759,0.006779661,0.008865711,0.00208605,0.77438213,7
HK,15/7/2018,28,1.150097176,0.022089397,0.005197505,0.000779626,0.575048588,7
HK,22/7/2018,29,0.885180772,0.022888155,0.004247286,0.001415762,0.446248158,7
HK,29/7/2018,30,0.550153724,0.016417545,0.004655722,0.000490076,0.268825115,7
HK,5/8/2018,31,0.304838644,0.016188374,0.000981114,0.000490557,0.182056412,8
HK,12/8/2018,32,0.34281734,0.013148458,0.004303132,0.000478126,0.210261302,8
HK,19/8/2018,33,1.051846589,0.021450952,0.006507592,0.000964088,0.2980232,8
HK,26/8/2018,34,1.085706464,0.018615752,0.005727924,0.000238663,0.442715257,8
HK,2/9/2018,35,0.850676931,0.012014134,0.010836278,0,0.48234259,9
HK,9/9/2018,36,1.512497486,0.014499643,0.016163537,0.000713097,0.653123914,9
HK,16/9/2018,37,0.976918542,0.016894237,0.013885675,0,0.426024627,9
HK,23/9/2018,38,0.528967956,0.018541719,0.009771987,0.000250564,0.21344321,9
HK,30/9/2018,39,0.632295551,0.022532452,0.011511144,0,0.209248887,9
HK,7/10/2018,40,1.108093427,0.027142857,0.006428571,0.000714286,0.507876154,10
HK,14/10/2018,41,0.596429964,0.016748081,0.005117469,0.000232612,0.382970819,10
HK,21/10/2018,42,0.516917097,0.012231653,0.004742886,0,0.395289545,10
HK,28/10/2018,43,0.647627472,0.014097744,0.005169173,0.00093985,0.399119256,10
HK,4/11/2018,44,1.166017144,0.021577883,0.006967858,0.000899078,0.63196349,11
HK,11/11/2018,45,1.099996015,0.02192021,0.011617712,0.001753617,0.519252777,11
HK,18/11/2018,46,0.804306592,0.024817195,0.006647463,0.001329493,0.364111768,11
HK,25/11/2018,47,1.295677073,0.03449801,0.008403361,0.000663423,0.532740319,11
HK,2/12/2018,48,1.452609711,0.037731734,0.010250818,0.001308615,0.392076073,12
HK,9/12/2018,49,2.715915263,0.04368471,0.01671415,0.001329535,0.760456274,12
HK,16/12/2018,50,2.534485012,0.055127685,0.012363194,0.000608026,0.610991923,12
HK,23/12/2018,51,4.523881824,0.08425877,0.018861273,0.000881368,0.590404916,12
HK,30/12/2018,52,5.730012633,0.114600253,0.027792817,0.000541419,0.578789155,12
HK,6/1/2019,1,8.479438441,0.168125516,0.02923204,0.000825764,0.572362095,1
HK,13/1/2019,2,12.05722483,0.214987715,0.034671035,0.002047502,0.712710145,1
HK,20/1/2019,3,16.34113109,0.259374595,0.037238874,0.002854548,0.700941065,1
HK,27/1/2019,4,15.90878231,0.219013545,0.038461538,0.001022234,0.770667655,1
HK,3/2/2019,5,8.785658432,0.163213531,0.036504581,0.00324172,0.50639559,2
HK,10/2/2019,6,4.460066081,0.130577968,0.033920632,0.001975959,0.229400036,2
HK,17/2/2019,7,4.598236493,0.121273925,0.03498588,0.002510198,0.34986582,2
HK,24/2/2019,8,5.268577041,0.094826205,0.039243953,0.003844306,0.458935282,2
HK,3/3/2019,9,6.346722153,0.082414017,0.04688514,0.004055808,0.455543318,3
HK,10/3/2019,10,5.352463535,0.079189687,0.040348234,0.005524862,0.566057054,3
HK,17/3/2019,11,4.690127615,0.061703555,0.050972502,0.00620389,0.41675323,3
HK,24/3/2019,12,3.723121618,0.047567568,0.037065637,0.007413127,0.474760475,3
HK,31/3/2019,13,2.967588581,0.036782737,0.036128821,0.00833742,0.417970223,3
HK,7/4/2019,14,2.13154041,0.024214418,0.030314233,0.009057301,0.46472538,4
HK,14/4/2019,15,1.454288607,0.010951844,0.024802706,0.012562409,0.402353181,4
HK,21/4/2019,16,1.607992634,0.011147236,0.017649791,0.015095216,0.510473852,4
HK,28/4/2019,17,1.784624338,0.011551908,0.026599787,0.022191822,0.364117308,4
HK,5/5/2019,18,1.675335454,0.011583012,0.019305019,0.0288656,0.396925631,5
HK,12/5/2019,19,0.942976606,0.008466777,0.01509295,0.025952512,0.259406204,5
HK,19/5/2019,20,1.81415899,0.007625272,0.015068991,0.042302106,0.491545872,5
HK,26/5/2019,21,2.707422563,0.007878245,0.018084154,0.043688451,0.549836459,5
HK,2/6/2019,22,2.272476909,0.005930026,0.015418067,0.044277525,0.540739987,6
HK,9/6/2019,23,1.588026383,0.00622665,0.01909506,0.039643005,0.273972603,6
HK,16/6/2019,24,2.809472198,0.012846029,0.024787407,0.038719016,0.505971296,6
HK,23/6/2019,25,2.580033762,0.018329939,0.02277356,0.036659878,0.52214969,6
HK,30/6/2019,26,2.57111359,0.022614975,0.023755226,0.032877233,0.585745302,6
HK,7/7/2019,27,4.284934498,0.03125,0.028541667,0.038333333,0.909752547,7
HK,14/7/2019,28,4.246775798,0.033777071,0.026425591,0.031591496,1.296093912,7
HK,21/7/2019,29,3.280849375,0.030902111,0.021880998,0.025911708,0.952246526,7
HK,28/7/2019,30,3.262285304,0.025916561,0.024863043,0.020016856,1.019464157,7
HK,4/8/2019,31,2.183460065,0.014196983,0.025288376,0.013753327,1.028045781,8
HK,11/8/2019,32,1.507680129,0.009320059,0.023935607,0.010590976,0.888584424,8
HK,18/8/2019,33,0.964057167,0.009816475,0.016218523,0.006828852,0.456988138,8
HK,25/8/2019,34,1.061302229,0.009412819,0.014791573,0.006499328,0.766926428,8
HK,1/9/2019,35,1.102558768,0.011670481,0.01395881,0.003661327,0.620189307,9
HK,8/9/2019,36,0.754247852,0.012799628,0.016057715,0.003956249,0.449339146,9
HK,15/9/2019,37,1.187495433,0.011388418,0.018415314,0.002423068,0.571426374,9
HK,22/9/2019,38,1.069004383,0.010477081,0.014967259,0.003180543,0.761578286,9
HK,29/9/2019,39,0.685753016,0.005097879,0.009991843,0.004486134,0.500028241,9
HK,6/10/2019,40,0.70273846,0.008545227,0.008753647,0.003334723,0.731131933,10
HK,13/10/2019,41,0.482296501,0.006485986,0.006254343,0.001389854,0.608800502,10
HK,20/10/2019,42,0.423799539,0.009082441,0.004424779,0.000931532,0.49898978,10
HK,27/10/2019,43,0.48127724,0.011596036,0.00421674,0.001897533,0.538572149,10
HK,3/11/2019,44,0.525759095,0.008982036,0.003635586,0.003635586,0.650280985,11
HK,10/11/2019,45,0.488575043,0.010660535,0.002926421,0.001672241,0.575581557,11
HK,17/11/2019,46,0.35300794,0.012025316,0.003797468,0.000421941,0.362176977,11
HK,24/11/2019,47,0.352391259,0.01317716,0.001882451,0.000627484,0.366486909,11
HK,1/12/2019,48,0.44286518,0.013975803,0.001877347,0.000417188,0.414476386,12
HK,8/12/2019,49,0.380980471,0.01729527,0.005626172,0.00062513,0.212405041,12
HK,15/12/2019,50,0.840109696,0.017816594,0.011353712,0.002620087,0.323119114,12
HK,22/12/2019,51,1.291883114,0.026782725,0.016571811,0.002845665,0.210633116,12
HK,29/12/2019,52,1.836904097,0.042303392,0.018449497,0.002422661,0.303441385,12