region,date,weekid,rate,RSV_org,Adenovirus,monthid
HK,4/7/2004,27,1.013821862,0.030520646,1.431277922,7
HK,11/7/2004,28,2.482316829,0.054385965,3.683437875,7
HK,18/7/2004,29,2.019597115,0.041602465,1.121998397,7
HK,25/7/2004,30,1.485628808,0.03042328,2.325332047,7
HK,1/8/2004,31,1.962605793,0.043723554,2.21584525,8
HK,8/8/2004,32,2.134918437,0.049921997,1.467756426,8
HK,15/8/2004,33,2.661524431,0.062706271,2.241283731,8
HK,22/8/2004,34,2.139578958,0.056514914,1.664116967,8
HK,29/8/2004,35,1.385618179,0.036750484,1.020981816,8
HK,5/9/2004,36,2.659451562,0.081027668,3.372962957,9
HK,12/9/2004,37,3.21326146,0.073394495,1.84762534,9
HK,19/9/2004,38,1.746326837,0.03826087,1.270055881,9
HK,26/9/2004,39,2.101692374,0.065026362,1.931284884,9
HK,3/10/2004,40,2.918554046,0.068888889,1.694644285,10
HK,10/10/2004,41,2.525177656,0.075156576,3.156472069,10
HK,17/10/2004,42,1.648637546,0.04587156,2.555388197,10
HK,24/10/2004,43,0.802568218,0.02247191,2.708667737,10
HK,31/10/2004,44,0.875483198,0.020547945,4.474691899,10
HK,7/11/2004,45,0.567861586,0.016241299,3.650538765,11
HK,14/11/2004,46,0.418020787,0.011415525,4.598228659,11
HK,21/11/2004,47,0.145828941,0.004301075,3.645723522,11
HK,28/11/2004,48,0.346546531,0.009057971,4.019939754,11
HK,5/12/2004,49,0.649611306,0.016877637,4.628480553,12
HK,12/12/2004,50,0.326520527,0.00877193,4.489657242,12
HK,19/12/2004,51,0.075692823,0.002087683,3.557562659,12
HK,26/12/2004,52,0.482904521,0.011876485,2.994008028,12
HK,2/1/2005,1,0.215283423,0.004975124,1.614625676,1
HK,9/1/2005,2,0.000000001,0,2.572503841,1
HK,16/1/2005,3,0.08017165,0.002557545,2.96635106,1
HK,23/1/2005,4,0.396581468,0.009456265,2.974361008,1
HK,30/1/2005,5,0.332536334,0.008064516,2.327754339,1
HK,6/2/2005,6,1.628577173,0.041860465,3.709536894,2
HK,13/2/2005,7,2.099853075,0.051490515,1.215704412,2
HK,20/2/2005,8,2.105863119,0.059891107,2.999259594,2
HK,27/2/2005,9,2.539174971,0.05387931,2.843875967,2
HK,6/3/2005,10,2.454396984,0.042910448,4.588655232,3
HK,13/3/2005,11,3.957321641,0.050697085,3.8583886,3
HK,20/3/2005,12,5.183777621,0.061946903,3.517563386,3
HK,27/3/2005,13,6.726317808,0.082579186,2.948522875,3
HK,3/4/2005,14,8.225648982,0.098979592,1.01760606,4
HK,10/4/2005,15,6.216391103,0.090805902,4.973112882,4
HK,17/4/2005,16,5.010745136,0.082004556,2.296591521,4
HK,24/4/2005,17,3.666603313,0.057651992,3.666603313,4
HK,1/5/2005,18,4.086442403,0.05941704,4.39485315,5
HK,8/5/2005,19,4.36283324,0.054474708,2.259324356,5
HK,15/5/2005,20,4.22332068,0.052724077,2.46360373,5
HK,22/5/2005,21,6.045048098,0.071304348,3.53856474,5
HK,29/5/2005,22,3.82197405,0.042691751,3.174181838,5
HK,5/6/2005,23,4.295395565,0.049469965,3.681767627,6
HK,12/6/2005,24,2.800438947,0.041398344,2.613743017,6
HK,19/6/2005,25,4.014968676,0.065934066,3.048402143,6
HK,26/6/2005,26,3.245957346,0.053380783,4.327943128,6
HK,3/7/2005,27,3.187026495,0.054521277,2.254238252,7
HK,10/7/2005,28,3.513952702,0.058252427,6.369039272,7
HK,17/7/2005,29,2.717362297,0.072104019,4.187410752,7
HK,24/7/2005,30,2.527591053,0.057034221,3.707133545,7
HK,31/7/2005,31,3.316920671,0.100299401,4.703096474,7
HK,7/8/2005,32,3.687938903,0.084745763,8.381679325,8
HK,14/8/2005,33,2.17285173,0.053872054,4.821014777,8
HK,21/8/2005,34,2.741315556,0.06133829,4.402718923,8
HK,28/8/2005,35,2.551886088,0.051282051,3.572640523,8
HK,4/9/2005,36,2.422029288,0.052539405,3.229372384,9
HK,11/9/2005,37,4.369538077,0.083333333,2.815924539,9
HK,18/9/2005,38,2.375030332,0.050699301,2.538825528,9
HK,25/9/2005,39,1.661411956,0.035114504,2.239294375,9
HK,2/10/2005,40,1.986380916,0.036789298,2.528121165,10
HK,9/10/2005,41,0.96651648,0.020576132,1.997467392,10
HK,16/10/2005,42,0.584667732,0.014173228,1.754003197,10
HK,23/10/2005,43,0.382950383,0.008241758,3.893328893,10
HK,30/10/2005,44,0.877020492,0.018492176,3.440618851,10
HK,6/11/2005,45,0.454299111,0.009681881,3.05029403,11
HK,13/11/2005,46,0.069848236,0.001319261,3.701956515,11
HK,20/11/2005,47,0.336478843,0.007173601,3.230196889,11
HK,27/11/2005,48,0.139885842,0.003062787,3.776917722,11
HK,4/12/2005,49,0.218601731,0.004109589,4.080565647,12
HK,11/12/2005,50,0.205896397,0.004594181,4.461088606,12
HK,18/12/2005,51,0.175407579,0.004189944,2.572644492,12
HK,25/12/2005,52,0.583990602,0.012711864,3.114616546,12
HK,1/1/2006,53,0.075755537,0.001445087,2.878710402,1
HK,8/1/2006,1,0.483076592,0.009787928,4.106151031,1
HK,15/1/2006,2,0.164399261,0.003378378,2.959186694,1
HK,22/1/2006,3,0.519599157,0.009845288,1.855711276,1
HK,29/1/2006,4,0.321204517,0.008,0.57816813,1
HK,5/2/2006,5,0.762769947,0.021037868,1.271283245,2
HK,12/2/2006,6,1.976503606,0.037564767,2.930677761,2
HK,19/2/2006,7,2.035116722,0.036111111,2.113390442,2
HK,26/2/2006,8,2.106419576,0.032716927,2.106419576,2
HK,5/3/2006,9,3.623066914,0.062251656,1.618817132,3
HK,12/3/2006,10,3.512007703,0.056497175,1.194082619,3
HK,19/3/2006,11,5.60154448,0.092345079,1.179272522,3
HK,26/3/2006,12,5.943371072,0.105726872,0.866741615,3
HK,2/4/2006,13,7.418588674,0.119668246,1.028319222,4
HK,9/4/2006,14,8.020510083,0.151774786,1.09958606,4
HK,16/4/2006,15,5.771413236,0.116640747,0.923426118,4
HK,23/4/2006,16,5.64442409,0.111650485,0.858934101,4
HK,30/4/2006,17,5.830761086,0.122708039,1.206364363,4
HK,7/5/2006,18,2.600082703,0.047839506,1.090357263,5
HK,14/5/2006,19,4.422285869,0.081212121,1.122072534,5
HK,21/5/2006,20,3.309912675,0.064738292,0.985931435,5
HK,28/5/2006,21,3.428408693,0.0625,1.674339129,5
HK,4/6/2006,22,1.484623077,0.024745269,1.659284616,6
HK,11/6/2006,23,1.74056642,0.027154664,1.135152013,6
HK,18/6/2006,24,1.879047502,0.027586207,0.939523751,6
HK,25/6/2006,25,1.45726862,0.018467221,1.602995482,6
HK,2/7/2006,26,0.976707808,0.016343207,1.465061712,7
HK,9/7/2006,27,1.931099639,0.039361702,0.626302586,7
HK,16/7/2006,28,1.256313309,0.023068051,0.439709658,7
HK,23/7/2006,29,2.591546188,0.048409405,1.258751005,7
HK,30/7/2006,30,2.465260923,0.054120541,1.456745091,7
HK,6/8/2006,31,2.123371701,0.047001621,1.757273132,8
HK,13/8/2006,32,3.796036243,0.085284281,1.414209581,8
HK,20/8/2006,33,2.083363961,0.050874404,0.976576857,8
HK,27/8/2006,34,1.984329349,0.051666667,0.76812749,8
HK,3/9/2006,35,1.629543982,0.042654028,0.72424177,9
HK,10/9/2006,36,0.972038864,0.025297619,0.800502594,9
HK,17/9/2006,37,2.263025181,0.060995185,0.714639531,9
HK,24/9/2006,38,1.16208524,0.028208745,0.522938358,9
HK,1/10/2006,39,1.503653206,0.034883721,0.563869952,10
HK,8/10/2006,40,0.83122862,0.017921147,0.748105758,10
HK,15/10/2006,41,0.823937564,0.02124431,0.94164293,10
HK,22/10/2006,42,0.276538124,0.006944444,1.520959683,10
HK,29/10/2006,43,0.453812617,0.012216405,0.842794859,10
HK,5/11/2006,44,0.270666831,0.006482982,1.150334032,11
HK,12/11/2006,45,0.262078286,0.006677796,1.637989288,11
HK,19/11/2006,46,0.257287951,0.008077544,0.926236625,11
HK,26/11/2006,47,0.262199829,0.006884682,1.048799316,11
HK,3/12/2006,48,0.122251928,0.003289474,1.222519277,12
HK,10/12/2006,49,0.556561108,0.013355593,0.973981939,12
HK,17/12/2006,50,0.706030957,0.019448947,1.000210522,12
HK,24/12/2006,51,0.884792424,0.022690438,1.516787013,12
HK,31/12/2006,52,0.454195301,0.011345219,1.103045732,12
HK,7/1/2007,1,0.832808411,0.020280811,1.281243709,1
HK,14/1/2007,2,0.474134666,0.011111111,1.828805142,1
HK,21/1/2007,3,0.880599202,0.022321429,1.291545496,1
HK,28/1/2007,4,1.539296898,0.036474164,1.346884786,1
HK,4/2/2007,5,0.872104834,0.017218543,1.073359796,2
HK,11/2/2007,6,1.254929739,0.022619048,1.254929739,2
HK,18/2/2007,7,2.647124517,0.045637584,2.102128293,2
HK,25/2/2007,8,1.461793061,0.028089888,1.69567995,2
HK,4/3/2007,9,3.280113019,0.061965812,0.791751418,3
HK,11/3/2007,10,1.911983322,0.032537961,1.274655548,3
HK,18/3/2007,11,2.53963828,0.045203969,1.300790338,3
HK,25/3/2007,12,2.957423634,0.053452116,0.924194886,3
HK,1/4/2007,13,3.719050989,0.066591422,2.458355738,4
HK,8/4/2007,14,6.590830206,0.107246377,2.761023465,4
HK,15/4/2007,15,3.011197386,0.069742489,1.389783409,4
HK,22/4/2007,16,5.556066399,0.14041514,1.497722247,4
HK,29/4/2007,17,4.836445774,0.111656442,1.647580428,4
HK,6/5/2007,18,3.479063854,0.082446809,1.234506529,5
HK,13/5/2007,19,3.430761571,0.068922306,1.559437078,5
HK,20/5/2007,20,3.243644779,0.065843621,1.959702054,5
HK,27/5/2007,21,3.214410898,0.059001513,1.318732676,5
HK,3/6/2007,22,2.144616692,0.050304878,1.689698,6
HK,10/6/2007,23,1.766899011,0.033333333,2.088153377,6
HK,17/6/2007,24,2.491645899,0.044016506,2.180190162,6
HK,24/6/2007,25,2.064478582,0.029182879,1.858030723,6
HK,1/7/2007,26,2.952062082,0.047337278,1.423315646,7
HK,8/7/2007,27,3.252016516,0.046021841,1.433092024,7
HK,15/7/2007,28,4.326657745,0.060397554,1.862105865,7
HK,22/7/2007,29,4.562349998,0.088342441,2.069519587,7
HK,29/7/2007,30,3.904642278,0.099344978,1.415969178,7
HK,5/8/2007,31,4.454791133,0.104031209,1.614861786,8
HK,12/8/2007,32,4.125949749,0.113780025,1.421160469,8
HK,19/8/2007,33,3.927660781,0.110419907,1.438298314,8
HK,26/8/2007,34,5.616509927,0.123563218,1.893939394,8
HK,2/9/2007,35,5.00342977,0.099866844,1.267535542,9
HK,9/9/2007,36,4.168593235,0.09406657,1.41090848,9
HK,16/9/2007,37,3.95775151,0.084269663,1.649063129,9
HK,23/9/2007,38,2.986431517,0.069306931,0.975161312,9
HK,30/9/2007,39,3.104988581,0.06595092,3.610451838,9
HK,7/10/2007,40,3.160806905,0.060390764,1.673368361,10
HK,14/10/2007,41,2.067359142,0.04886562,1.624353611,10
HK,21/10/2007,42,1.056823912,0.023217247,2.491084935,10
HK,28/10/2007,43,0.660421123,0.017080745,1.861186802,10
HK,4/11/2007,44,0.379340759,0.008156607,2.200176401,11
HK,11/11/2007,45,0.227471981,0.004511278,2.653839774,11
HK,18/11/2007,46,0.231057695,0.005617978,1.906225987,11
HK,25/11/2007,47,0.589648019,0.013867488,2.948240094,11
HK,2/12/2007,48,0.063782427,0.001438849,2.933991644,12
HK,9/12/2007,49,0.401171943,0.008032129,3.47682351,12
HK,16/12/2007,50,0.099144549,0.00257732,1.93331871,12
HK,23/12/2007,51,0.280760029,0.005457026,2.035510212,12
HK,30/12/2007,52,0.079981354,0.001451379,1.839571138,12
HK,6/1/2008,1,0.294166403,0.00660066,2.941664029,1
HK,13/1/2008,2,0.126805675,0.002902758,2.662919171,1
HK,20/1/2008,3,0.154266904,0.003466205,2.314003562,1
HK,27/1/2008,4,0.231344529,0.00456621,2.390560132,1
HK,3/2/2008,5,0.084716839,0.001652893,2.287354641,2
HK,10/2/2008,6,0.252266731,0.008833922,0.302720077,2
HK,17/2/2008,7,1.237426325,0.035121951,0.859323837,2
HK,24/2/2008,8,2.467313346,0.038906414,0.933578023,2
HK,2/3/2008,9,1.951019023,0.033914729,1.114868013,3
HK,9/3/2008,10,2.784855956,0.036676647,1.648180056,3
HK,16/3/2008,11,3.355581338,0.044080605,1.725727545,3
HK,23/3/2008,12,2.783070725,0.051858254,2.087303044,3
HK,30/3/2008,13,0.775753508,0.019473081,1.414609337,3
HK,6/4/2008,14,1.505704025,0.033033033,0.958175288,4
HK,13/4/2008,15,0.8687299,0.02173913,1.206569306,4
HK,20/4/2008,16,1.665281787,0.036048064,1.72695889,4
HK,27/4/2008,17,2.142434697,0.047044632,0.933881791,4
HK,4/5/2008,18,2.158973423,0.040640394,1.308468741,5
HK,11/5/2008,19,1.975389314,0.038509317,1.975389314,5
HK,18/5/2008,20,1.636526474,0.038718291,1.410798685,5
HK,25/5/2008,21,1.702172128,0.038904899,1.386955067,5
HK,1/6/2008,22,1.72842924,0.045706371,0.942779586,6
HK,8/6/2008,23,2.224895955,0.043636364,1.854079962,6
HK,15/6/2008,24,2.053409876,0.048748353,1.331941541,6
HK,22/6/2008,25,2.335438302,0.057544757,0.882276692,6
HK,29/6/2008,26,2.69139729,0.068010076,0.996813811,6
HK,6/7/2008,27,2.469712985,0.068877551,0.73176681,7
HK,13/7/2008,28,4.463881943,0.128301887,0.743980324,7
HK,20/7/2008,29,3.783674089,0.074267782,0.692785397,7
HK,27/7/2008,30,4.566790575,0.090754877,0.512163429,7
HK,3/8/2008,31,3.67740703,0.081953642,0.520037358,8
HK,10/8/2008,32,3.253212996,0.09221902,0.609977437,8
HK,17/8/2008,33,2.768490966,0.082896118,0.490618652,8
HK,24/8/2008,34,3.550966614,0.083857442,0.443870827,8
HK,31/8/2008,35,3.517397227,0.089179548,0.562783556,8
HK,7/9/2008,36,3.738303501,0.089242054,1.382660199,9
HK,14/9/2008,37,3.631890154,0.097345133,0.701615143,9
HK,21/9/2008,38,2.559553594,0.070175439,0.725206852,9
HK,28/9/2008,39,2.250342643,0.058154235,1.223012306,9
HK,5/10/2008,40,3.417737839,0.089692102,0.714154175,10
HK,12/10/2008,41,1.583768806,0.047976012,0.692898853,10
HK,19/10/2008,42,1.134208325,0.033829499,0.45368333,10
HK,26/10/2008,43,0.614330518,0.019858156,0.35104601,10
HK,2/11/2008,44,0.656602188,0.017107309,1.313204375,11
HK,9/11/2008,45,0.439985827,0.011126565,1.04496634,11
HK,16/11/2008,46,0.411676094,0.012605042,0.548901459,11
HK,23/11/2008,47,0.286809711,0.008939974,0.573619423,11
HK,30/11/2008,48,0.241071211,0.007246377,0.401785351,11
HK,7/12/2008,49,0.275539228,0.008939974,0.275539228,12
HK,14/12/2008,50,0.189444336,0.006075334,0.530444142,12
HK,21/12/2008,51,0.081230003,0.002212389,0.568610019,12
HK,28/12/2008,52,0.132972948,0.004813478,0.498648555,12
HK,4/1/2009,1,0.253292806,0.009009009,1.049355913,1
HK,11/1/2009,2,0.046298032,0.00128866,1.342642924,1
HK,18/1/2009,3,0.356838675,0.009271523,1.325400793,1
HK,25/1/2009,4,0.030202669,0.001089325,0.906080068,1
HK,1/2/2009,5,0.39990864,0.010588235,0.844251573,2
HK,8/2/2009,6,0.170194076,0.003475239,1.021164453,2
HK,15/2/2009,7,0.266737973,0.005405405,0.978039234,2
HK,22/2/2009,8,0.668329261,0.012084592,1.392352626,2
HK,1/3/2009,9,0.672802636,0.014672686,1.293851222,3
HK,8/3/2009,10,0.534548121,0.013110846,0.534548121,3
HK,15/3/2009,11,1.123854115,0.028639618,0.889717841,3
HK,22/3/2009,12,1.705311902,0.051764706,0.542599242,3
HK,29/3/2009,13,1.105972843,0.03164557,0.619344792,3
HK,5/4/2009,14,2.475431959,0.062927497,0.484323644,4
HK,12/4/2009,15,2.917021262,0.07654321,1.082120791,4
HK,19/4/2009,16,1.313928428,0.035874439,0.533783424,4
HK,26/4/2009,17,1.605947345,0.043814433,0.802973672,4
HK,3/5/2009,18,1.139468214,0.02677532,0.594505155,5
HK,10/5/2009,19,0.962767057,0.025223759,0.49691203,5
HK,17/5/2009,20,0.588620862,0.015369837,0.919720096,5
HK,24/5/2009,21,0.756507459,0.018898932,0.822290717,5
HK,31/5/2009,22,0.358251308,0.00952381,0.440924687,5
HK,7/6/2009,23,0.644075214,0.015509103,0.420049053,6
HK,14/6/2009,24,0.203590369,0.005093379,0.475044194,6
HK,21/6/2009,25,0.191247053,0.004658811,0.393743933,6
HK,28/6/2009,26,0.270615591,0.006826952,0.282381486,6
HK,5/7/2009,27,0.229039454,0.005469462,0.362645803,7
HK,12/7/2009,28,0.085714566,0.001812251,0.291429523,7
HK,19/7/2009,29,0.122260035,0.002659574,0.195616057,7
HK,26/7/2009,30,0.195624839,0.003961965,0.107593662,7
HK,2/8/2009,31,0.211760812,0.00414673,0.211760812,8
HK,9/8/2009,32,0.37675832,0.00678311,0.226054992,8
HK,16/8/2009,33,0.36008681,0.007796039,0.145981139,8
HK,23/8/2009,34,0.346776745,0.005551443,0.265862171,8
HK,30/8/2009,35,0.646483425,0.009620621,0.158571406,8
HK,6/9/2009,36,0.786345496,0.01010101,0.267060735,9
HK,13/9/2009,37,0.706619434,0.007626818,0.262928161,9
HK,20/9/2009,38,1.035747365,0.009149623,0.507719297,9
HK,27/9/2009,39,1.215935594,0.010251955,0.350354324,9
HK,4/10/2009,40,1.807583635,0.015693112,0.602527878,10
HK,11/10/2009,41,1.106335359,0.01375043,0.470192528,10
HK,18/10/2009,42,1.033070611,0.016458853,0.469577551,10
HK,25/10/2009,43,0.702474627,0.012612613,0.468316418,10
HK,1/11/2009,44,0.719990146,0.015579919,0.346661922,11
HK,8/11/2009,45,0.610489517,0.014303483,0.31851627,11
HK,15/11/2009,46,0.1826795,0.004137931,0.202977222,11
HK,22/11/2009,47,0.448455789,0.01,0.224227895,11
HK,29/11/2009,48,0.353554281,0.007048458,0.309359996,11
HK,6/12/2009,49,0.326396027,0.007380074,0.380795365,12
HK,13/12/2009,50,0.235455228,0.006044905,0.555001609,12
HK,20/12/2009,51,0.51801861,0.010618652,0.698198996,12
HK,27/12/2009,52,0.302544383,0.007497657,0.43490755,12
HK,3/1/2010,1,0.143706735,0.005059022,0.203584541,1
HK,10/1/2010,2,1.128072197,0.02797619,0.55203533,1
HK,17/1/2010,3,0.598337855,0.012134584,0.571140679,1
HK,24/1/2010,4,0.686098371,0.015965939,0.48026886,1
HK,31/1/2010,5,0.895798451,0.024223602,0.826890878,1
HK,7/2/2010,6,1.481188374,0.028031688,1.126991154,2
HK,14/2/2010,7,1.256583889,0.023285085,0.849043168,2
HK,21/2/2010,8,2.032051391,0.047473201,0.229425157,2
HK,28/2/2010,9,2.706192614,0.049083064,0.713721129,2
HK,7/3/2010,10,2.145869415,0.041988417,0.369977485,3
HK,14/3/2010,11,3.746188221,0.073464912,0.782785598,3
HK,21/3/2010,12,2.919015394,0.049388753,0.520220565,3
HK,28/3/2010,13,3.22980991,0.053796095,0.573030791,3
HK,4/4/2010,14,3.522760567,0.06630381,0.683520707,4
HK,11/4/2010,15,1.079365079,0.021587302,0.285714286,4
HK,18/4/2010,16,2.14125577,0.041556728,1.019645605,4
HK,25/4/2010,17,0.9230794,0.01910828,0.73846352,4
HK,2/5/2010,18,0.757635342,0.015117158,0.984925945,5
HK,9/5/2010,19,0.593903226,0.012470309,0.876714285,5
HK,16/5/2010,20,0.580014129,0.011843079,1.015024726,5
HK,23/5/2010,21,0.574347697,0.010569106,1.104514802,5
HK,30/5/2010,22,0.894620437,0.019520852,1.585918047,5
HK,6/6/2010,23,0.630651442,0.014908257,2.037489275,6
HK,13/6/2010,24,0.570147369,0.010663507,1.773791815,6
HK,20/6/2010,25,0.090933908,0.002234637,1.773211199,6
HK,27/6/2010,26,0.552795056,0.012443439,2.412196609,6
HK,4/7/2010,27,0.545403254,0.012295082,2.605815545,7
HK,11/7/2010,28,0.494833811,0.010344828,2.089298311,7
HK,18/7/2010,29,0.491326134,0.012263099,1.697308463,7
HK,25/7/2010,30,0.439848794,0.008537887,2.034300674,7
HK,1/8/2010,31,0.114644134,0.002145923,1.605017874,8
HK,8/8/2010,32,0.457968655,0.009803922,1.557093426,8
HK,15/8/2010,33,0.362295101,0.008733624,1.485409914,8
HK,22/8/2010,34,0.335968744,0.008892482,0.763565328,8
HK,29/8/2010,35,0.798949482,0.01439342,1.369627684,8
HK,5/9/2010,36,0.771468405,0.015161957,0.701334914,9
HK,12/9/2010,37,0.801749945,0.01345895,1.042274928,9
HK,19/9/2010,38,0.815589053,0.014102564,1.223383579,9
HK,26/9/2010,39,1.130354171,0.018589744,1.715020121,9
HK,3/10/2010,40,0.739886418,0.014613779,1.056980598,10
HK,10/10/2010,41,1.233432943,0.026817219,0.876386565,10
HK,17/10/2010,42,1.484376606,0.029341792,1.283785173,10
HK,24/10/2010,43,1.618090487,0.032385466,1.578624865,10
HK,31/10/2010,44,1.737831215,0.03685259,2.442357383,10
HK,7/11/2010,45,1.485472677,0.03510351,1.980630236,11
HK,14/11/2010,46,1.17133492,0.040600177,1.375045341,11
HK,21/11/2010,47,1.069835291,0.026708562,2.265533558,11
HK,28/11/2010,48,1.671038692,0.046511628,2.07439286,11
HK,5/12/2010,49,1.804064199,0.047463175,2.488364412,12
HK,12/12/2010,50,1.494505412,0.037562604,2.723320973,12
HK,19/12/2010,51,1.889013252,0.04438861,3.029549556,12
HK,26/12/2010,52,1.981521991,0.042845594,2.916202175,12
HK,2/1/2011,1,1.877463401,0.04296875,3.200221706,1
HK,9/1/2011,2,2.894601083,0.061305732,4.323105513,1
HK,16/1/2011,3,1.728991448,0.034727703,3.850935499,1
HK,23/1/2011,4,2.407413254,0.036592681,2.762605374,1
HK,30/1/2011,5,2.094400407,0.029370629,1.795200349,1
HK,6/2/2011,6,1.846172024,0.038895152,1.551854745,2
HK,13/2/2011,7,1.473163841,0.030090973,1.918538955,2
HK,20/2/2011,8,1.727120932,0.027027027,2.8425532,2
HK,27/2/2011,9,1.968245872,0.032439177,2.725263515,2
HK,6/3/2011,10,1.72055772,0.040957782,1.349976057,3
HK,13/3/2011,11,2.445262713,0.059367772,1.714859565,3
HK,20/3/2011,12,1.671876824,0.047027507,1.955780435,3
HK,27/3/2011,13,1.812130028,0.040998217,2.206071338,3
HK,3/4/2011,14,2.117141621,0.04438861,1.517950596,4
HK,10/4/2011,15,2.235075506,0.049122807,1.756130755,4
HK,17/4/2011,16,2.239638959,0.046530612,2.986185279,4
HK,24/4/2011,17,1.749117662,0.037698413,3.360147087,4
HK,1/5/2011,18,1.174886352,0.031746032,2.251865509,5
HK,8/5/2011,19,1.05174539,0.026624068,3.071096538,5
HK,15/5/2011,20,1.509132471,0.035714286,3.185946327,5
HK,22/5/2011,21,2.065854049,0.046558704,3.458060039,5
HK,29/5/2011,22,1.482280375,0.036482694,2.660503238,5
HK,5/6/2011,23,1.311951725,0.028703704,4.189781315,6
HK,12/6/2011,24,0.69284257,0.015655577,3.853936795,6
HK,19/6/2011,25,0.94701085,0.024439919,4.103713685,6
HK,26/6/2011,26,0.74560811,0.018066847,4.510929065,6
HK,3/7/2011,27,1.038805764,0.031282586,5.090148246,7
HK,10/7/2011,28,2.227526584,0.055009823,6.563247972,7
HK,17/7/2011,29,1.717784619,0.045862413,3.883686965,7
HK,24/7/2011,30,1.718055619,0.047418335,4.619660665,7
HK,31/7/2011,31,2.435816242,0.076923077,4.0175151,7
HK,7/8/2011,32,2.807131381,0.084946237,3.304597701,8
HK,14/8/2011,33,2.966633276,0.096133751,2.289466985,8
HK,21/8/2011,34,3.637242814,0.113886114,1.946243962,8
HK,28/8/2011,35,4.587934649,0.121006776,1.981987769,8
HK,4/9/2011,36,5.248190763,0.139382601,1.620246813,9
HK,11/9/2011,37,4.908644268,0.114369501,1.887940103,9
HK,18/9/2011,38,4.22101284,0.106630824,1.525239934,9
HK,25/9/2011,39,4.009628472,0.09487666,1.002407118,9
HK,2/10/2011,40,2.728510839,0.068134172,0.923495976,10
HK,9/10/2011,41,2.439324341,0.067736185,1.091276679,10
HK,16/10/2011,42,1.988822966,0.05179704,1.582940728,10
HK,23/10/2011,43,1.208463651,0.032586558,1.132934673,10
HK,30/10/2011,44,1.516244144,0.039486673,0.94765259,10
HK,6/11/2011,45,0.714664808,0.020095694,0.986918069,11
HK,13/11/2011,46,0.527364574,0.015806112,0.878940956,11
HK,20/11/2011,47,0.75239683,0.02141527,1.046812981,11
HK,27/11/2011,48,0.809384846,0.021384929,0.925011253,11
HK,4/12/2011,49,0.287523792,0.00756859,1.221976115,12
HK,11/12/2011,50,0.434588104,0.010967099,1.224748293,12
HK,18/12/2011,51,0.441201285,0.010213556,1.524149892,12
HK,25/12/2011,52,0.269639896,0.008156607,0.916775646,12
HK,1/1/2012,53,0.281968031,0.007493755,0.845904092,1
HK,8/1/2012,1,0.247025347,0.007985803,1.180232213,1
HK,15/1/2012,2,0.410878144,0.010082493,1.382044667,1
HK,22/1/2012,3,0.313507872,0.01000834,0.627015744,1
HK,29/1/2012,4,0.256833199,0.006156552,0.623737769,1
HK,5/2/2012,5,0.834116278,0.017111567,1.167762789,2
HK,12/2/2012,6,0.580747928,0.01215611,0.611313609,2
HK,19/2/2012,7,1.045981651,0.017971014,0.843533589,2
HK,26/2/2012,8,2.035097372,0.035863718,0.847957239,2
HK,4/3/2012,9,2.279951953,0.045398773,0.647013392,3
HK,11/3/2012,10,2.539470019,0.0504158,0.602142376,3
HK,18/3/2012,11,3.328882955,0.061266874,0.592428323,3
HK,25/3/2012,12,2.962582157,0.056594724,0.477025941,3
HK,1/4/2012,13,3.026381801,0.06557377,0.324255193,4
HK,8/4/2012,14,2.980978626,0.063965885,0.546512748,4
HK,15/4/2012,15,1.890649255,0.045087483,0.620810203,4
HK,22/4/2012,16,1.617558583,0.039820167,0.339165509,4
HK,29/4/2012,17,1.869251575,0.033085753,0.495923887,4
HK,6/5/2012,18,2.132915729,0.043232115,0.71097191,5
HK,13/5/2012,19,1.884075228,0.033538026,0.6368705,5
HK,20/5/2012,20,1.238457156,0.021126761,0.388535578,5
HK,27/5/2012,21,1.638237497,0.024526198,0.546079166,5
HK,3/6/2012,22,1.183613429,0.022213081,0.526050413,6
HK,10/6/2012,23,1.30419769,0.025661588,0.692855023,6
HK,17/6/2012,24,0.860801873,0.019378098,0.520484854,6
HK,24/6/2012,25,0.7549274,0.017474634,0.925394877,6
HK,1/7/2012,26,0.597849765,0.018209408,0.4816012,7
HK,8/7/2012,27,0.88330518,0.025,0.627611575,7
HK,15/7/2012,28,1.198240174,0.029796512,0.789084993,7
HK,22/7/2012,29,0.833367493,0.027941176,0.833367493,7
HK,29/7/2012,30,1.167616475,0.03187251,1.196806886,7
HK,5/8/2012,31,0.677621508,0.027448071,0.769191982,8
HK,12/8/2012,32,0.626292738,0.032036613,0.47717542,8
HK,19/8/2012,33,0.975172632,0.036065574,0.221630144,8
HK,26/8/2012,34,1.343473163,0.039473684,0.474166999,8
HK,2/9/2012,35,0.987678831,0.03373494,0.258677789,9
HK,9/9/2012,36,0.829385688,0.042480884,0.116113996,9
HK,16/9/2012,37,1.256802841,0.034024896,0.367844734,9
HK,23/9/2012,38,1.014334747,0.030551416,0.247398719,9
HK,30/9/2012,39,1.523537093,0.039611964,0.217648156,9
HK,7/10/2012,40,1.221798938,0.032618026,0.257220829,10
HK,14/10/2012,41,0.971743473,0.029023747,0.706722526,10
HK,21/10/2012,42,0.356893336,0.010970464,0.741240005,10
HK,28/10/2012,43,0.458877157,0.011981567,0.317684185,10
HK,4/11/2012,44,0.500538945,0.014423077,0.233584841,11
HK,11/11/2012,45,0.40098545,0.012638231,0.375923859,11
HK,18/11/2012,46,0.376909554,0.011715481,0.430753777,11
HK,25/11/2012,47,0.385009345,0.011494253,0.667349532,11
HK,2/12/2012,48,0.35366788,0.010788382,0.816156646,12
HK,9/12/2012,49,0.424160163,0.011876485,0.791765637,12
HK,16/12/2012,50,0.635130099,0.016440315,0.579901395,12
HK,23/12/2012,51,0.975565425,0.023709902,0.573862015,12
HK,30/12/2012,52,0.7958752,0.021903323,0.439103559,12
HK,6/1/2013,1,1.004317625,0.029363785,0.892726778,1
HK,13/1/2013,2,1.349699001,0.040389972,0.558496138,1
HK,20/1/2013,3,1.346613408,0.036872219,0.673306704,1
HK,27/1/2013,4,1.743812836,0.039950062,0.653929813,1
HK,3/2/2013,5,1.716815408,0.042838875,0.717475096,2
HK,10/2/2013,6,1.069767769,0.045262523,0.527752099,2
HK,17/2/2013,7,0.876725243,0.042758621,0,2
HK,24/2/2013,8,1.977685446,0.045344619,1.608517496,2
HK,3/3/2013,9,1.631720649,0.034266134,0.435125507,3
HK,10/3/2013,10,1.879363683,0.039528024,0.589054289,3
HK,17/3/2013,11,1.433814495,0.035147392,0.439394764,3
HK,24/3/2013,12,2.111820851,0.044404973,1.717614292,3
HK,31/3/2013,13,1.719850851,0.032021348,0.573283617,3
HK,7/4/2013,14,0.918942899,0.018709677,0.728816782,4
HK,14/4/2013,15,0.761264377,0.020821609,0.288045981,4
HK,21/4/2013,16,1.030757487,0.01992461,0.334299725,4
HK,28/4/2013,17,0.744706634,0.02379536,0.297882654,4
HK,5/5/2013,18,0.856940471,0.02611276,0.253186957,5
HK,12/5/2013,19,0.908117044,0.020408163,0.605411363,5
HK,19/5/2013,20,0.753646896,0.017567568,0.550741962,5
HK,26/5/2013,21,0.869703849,0.021223471,0.383692874,5
HK,2/6/2013,22,0.940650855,0.022012579,0.564390513,6
HK,9/6/2013,23,1.130476325,0.027166882,0.99589581,6
HK,16/6/2013,24,1.211842161,0.030710173,0.530180945,6
HK,23/6/2013,25,1.657123908,0.04121056,0.776776832,6
HK,30/6/2013,26,1.749053238,0.041884817,1.065829317,6
HK,7/7/2013,27,2.535556654,0.051736881,0.905555948,7
HK,14/7/2013,28,2.201804353,0.062975779,0.725869567,7
HK,21/7/2013,29,2.742946708,0.070402299,0.979623824,7
HK,28/7/2013,30,1.211336974,0.034741144,0.712551161,7
HK,4/8/2013,31,2.303800587,0.064045656,0.729917018,8
HK,11/8/2013,32,2.075631849,0.055056852,0.406101884,8
HK,18/8/2013,33,2.953484143,0.081669691,0.371920225,8
HK,25/8/2013,34,2.916933353,0.071947195,0.401412847,8
HK,1/9/2013,35,1.814225682,0.04464872,0.613635157,9
HK,8/9/2013,36,2.13190209,0.056293485,0.574894946,9
HK,15/9/2013,37,1.313104059,0.043452381,0.39572999,9
HK,22/9/2013,38,1.519268261,0.035066505,0.392914206,9
HK,29/9/2013,39,0.810394729,0.027246377,0.310363939,9
HK,6/10/2013,40,1.042419128,0.021005729,0.537003793,10
HK,13/10/2013,41,0.333670771,0.008097166,0.611729746,10
HK,20/10/2013,42,0.365283847,0.008908686,0.669687053,10
HK,27/10/2013,43,0.248873067,0.006460876,0.857229453,10
HK,3/11/2013,44,0.087054418,0.001967213,1.073671156,11
HK,10/11/2013,45,0.048244491,0.001356852,0.868400846,11
HK,17/11/2013,46,0.07776799,0.00229709,1.14059719,11
HK,24/11/2013,47,0.069501335,0.002074689,0.926684471,11
HK,1/12/2013,48,0.116593034,0.003099814,0.862788452,12
HK,8/12/2013,49,0.138310673,0.004127967,1.15835189,12
HK,15/12/2013,50,0.069088578,0.00182565,0.759974358,12
HK,22/12/2013,51,0.077082888,0.002115283,0.982806822,12
HK,29/12/2013,52,0.122305364,0.003643935,0.524165847,12
HK,5/1/2014,1,0.12466285,0.002772643,0.810308527,1
HK,12/1/2014,2,0.108857091,0.002487562,0.598714,1
HK,19/1/2014,3,0.09178631,0.001733853,0.642504173,1
HK,26/1/2014,4,0.391177336,0.00772499,0.391177336,1
HK,2/2/2014,5,0.216801059,0.004484305,0.307134834,2
HK,9/2/2014,6,0.234857854,0.003944773,0.528430172,2
HK,16/2/2014,7,0.288125072,0.008114374,0.576250144,2
HK,23/2/2014,8,0.540978338,0.011462313,0.754091017,2
HK,2/3/2014,9,0.764964401,0.015961138,0.598667792,3
HK,9/3/2014,10,0.715121337,0.019077901,0.476747558,3
HK,16/3/2014,11,1.613060346,0.02918208,0.636136474,3
HK,23/3/2014,12,1.953918462,0.037994516,0.705022126,3
HK,30/3/2014,13,2.867890966,0.060007896,0.867914371,3
HK,6/4/2014,14,2.645967017,0.058554437,0.826864693,4
HK,13/4/2014,15,3.186396124,0.072884013,0.839426936,4
HK,20/4/2014,16,2.768543646,0.063230836,0.891243503,4
HK,27/4/2014,17,3.275996208,0.064431868,0.509107519,4
HK,4/5/2014,18,2.070551704,0.053351573,1.221094595,5
HK,11/5/2014,19,1.644345122,0.039317124,0.865444801,5
HK,18/5/2014,20,1.112001601,0.033350703,0.608125876,5
HK,25/5/2014,21,1.522799526,0.036004057,1.201081316,5
HK,1/6/2014,22,2.516482328,0.050460941,1.54860451,6
HK,8/6/2014,23,3.023374473,0.053470919,1.43212475,6
HK,15/6/2014,24,2.528913677,0.054512139,1.551350407,6
HK,22/6/2014,25,2.115555274,0.043457031,1.307365619,6
HK,29/6/2014,26,1.530641824,0.036712329,1.759095827,6
HK,6/7/2014,27,1.347685609,0.041778254,1.451353733,7
HK,13/7/2014,28,1.967413864,0.048843188,2.050252342,7
HK,20/7/2014,29,2.127651937,0.052494802,1.537807836,7
HK,27/7/2014,30,1.501790593,0.048032407,1.755104668,7
HK,3/8/2014,31,1.096427472,0.047981276,0.976087871,8
HK,10/8/2014,32,0.716232515,0.043557169,0.815709253,8
HK,17/8/2014,33,0.432046159,0.043253712,0.386907008,8
HK,24/8/2014,34,1.07265183,0.035135135,1.010768071,8
HK,31/8/2014,35,1.122217303,0.037240537,1.177408318,8
HK,7/9/2014,36,1.335095229,0.040130152,0.902091371,9
HK,14/9/2014,37,1.908621095,0.042207792,1.345822567,9
HK,21/9/2014,38,1.208942908,0.027193433,1.687958022,9
HK,28/9/2014,39,0.747727649,0.030257186,0.735265522,9
HK,5/10/2014,40,1.322623799,0.044979079,1.030416216,10
HK,12/10/2014,41,0.96297299,0.035002693,1.096307712,10
HK,19/10/2014,42,0.703016801,0.019494204,1.57703769,10
HK,26/10/2014,43,0.726185109,0.018920423,1.131994434,10
HK,2/11/2014,44,0.561720017,0.013251784,2.052438522,11
HK,9/11/2014,45,0.610440021,0.014765784,2.210213868,11
HK,16/11/2014,46,0.407389539,0.013245033,1.969049441,11
HK,23/11/2014,47,0.60838398,0.013320647,2.042431934,11
HK,30/11/2014,48,0.762568674,0.015420561,2.888517706,11
HK,7/12/2014,49,0.703092339,0.01809291,2.223291992,12
HK,14/12/2014,50,0.930807447,0.025486562,2.030852611,12
HK,21/12/2014,51,1.070222502,0.021070375,2.996623005,12
HK,28/12/2014,52,0.601300689,0.018436874,1.163386115,12
HK,4/1/2015,1,0.655641919,0.016617791,1.722667003,1
HK,11/1/2015,2,0.990174773,0.019098776,1.624505488,1
HK,18/1/2015,3,0.836778759,0.014445755,1.878482928,1
HK,25/1/2015,4,1.125552532,0.01622248,1.607932189,1
HK,1/2/2015,5,0.989025364,0.016194332,0.965477141,2
HK,8/2/2015,6,1.009832845,0.01421508,1.287902759,2
HK,15/2/2015,7,1.328604402,0.019354839,1.387653487,2
HK,22/2/2015,8,0.367149218,0.017288219,0.49302895,2
HK,1/3/2015,9,1.127496092,0.025456088,0.798643065,3
HK,8/3/2015,10,0.887910111,0.016887817,0.723012519,3
HK,15/3/2015,11,0.731481701,0.018947368,0.447016595,3
HK,22/3/2015,12,0.82556147,0.023698998,0.391503378,3
HK,29/3/2015,13,1.134704894,0.028296703,0.627943485,3
HK,5/4/2015,14,1.200105207,0.028912179,0.570049973,4
HK,12/4/2015,15,1.405710467,0.033793784,0.400165753,4
HK,19/4/2015,16,1.629414026,0.039389313,0.46735131,4
HK,26/4/2015,17,1.259086477,0.026834788,0.348903482,4
HK,3/5/2015,18,1.525986802,0.036132486,0.508662267,5
HK,10/5/2015,19,1.391664908,0.032138024,0.498069546,5
HK,17/5/2015,20,1.335305616,0.030956522,0.525120186,5
HK,24/5/2015,21,1.905360134,0.032663317,0.795644891,5
HK,31/5/2015,22,2.049870852,0.040161998,0.620128997,5
HK,7/6/2015,23,1.687056094,0.036859455,0.795522386,6
HK,14/6/2015,24,1.924664705,0.0327654,0.939236376,6
HK,21/6/2015,25,2.042416345,0.038505747,0.823063303,6
HK,28/6/2015,26,1.910088251,0.036465981,0.705066133,6
HK,5/7/2015,27,2.078868938,0.044444444,0.562517477,7
HK,12/7/2015,28,2.061287258,0.050877193,0.746328145,7
HK,19/7/2015,29,2.647937473,0.054300063,0.658157869,7
HK,26/7/2015,30,1.858651797,0.052631579,0.366672804,7
HK,2/8/2015,31,1.269545952,0.040371561,0.426926957,8
HK,9/8/2015,32,1.652771043,0.04589372,0.397659198,8
HK,16/8/2015,33,1.360650069,0.045438779,0.373919103,8
HK,23/8/2015,34,1.576198084,0.052327818,0.394049521,8
HK,30/8/2015,35,1.794896386,0.040594418,0.785267169,8
HK,6/9/2015,36,1.788565149,0.047580968,0.526048573,9
HK,13/9/2015,37,1.920800205,0.047208692,0.50306672,9
HK,20/9/2015,38,2.152963787,0.043745728,0.555060976,9
HK,27/9/2015,39,1.20101479,0.031073446,0.5868595,9
HK,4/10/2015,40,1.92499294,0.039910481,0.665651764,10
HK,11/10/2015,41,1.317681661,0.03323486,0.658840831,10
HK,18/10/2015,42,1.022235934,0.02691888,0.497303968,10
HK,25/10/2015,43,0.938031687,0.022145329,0.806120981,10
HK,1/11/2015,44,0.772086638,0.022672621,0.467931296,11
HK,8/11/2015,45,0.556549157,0.014378637,0.67580969,11
HK,15/11/2015,46,0.631576421,0.013561742,0.764539878,11
HK,22/11/2015,47,0.641228238,0.015523466,0.611403669,11
HK,29/11/2015,48,0.823433105,0.019340974,0.747189299,11
HK,6/12/2015,49,0.895665304,0.01889294,0.785671319,12
HK,13/12/2015,50,0.780985095,0.017049408,0.669415796,12
HK,20/12/2015,51,0.826702669,0.018199545,0.738127383,12
HK,27/12/2015,52,0.517927131,0.01299505,0.369947951,12
HK,3/1/2016,1,1.15341257,0.02496799,0.517556923,1
HK,10/1/2016,2,1.121384325,0.028089888,0.548232337,1
HK,17/1/2016,3,1.715083721,0.031007752,0.696752761,1
HK,24/1/2016,4,2.631274357,0.038109756,0.989359158,1
HK,31/1/2016,5,1.472012478,0.036754312,0.237786631,1
HK,7/2/2016,6,2.131555586,0.039898348,0.665262572,2
HK,14/2/2016,7,2.202933464,0.040272887,0.674121716,2
HK,21/2/2016,8,2.130018674,0.044730392,0.593292873,2
HK,28/2/2016,9,2.595220832,0.038314176,0.874179649,2
HK,6/3/2016,10,2.963026581,0.036007828,1.062824752,3
HK,13/3/2016,11,2.368457594,0.033756181,0.844800161,3
HK,20/3/2016,12,2.723140948,0.039086414,1.033481203,3
HK,27/3/2016,13,2.737046124,0.045664918,1.368523062,3
HK,3/4/2016,14,2.520309078,0.036980846,0.827178364,4
HK,10/4/2016,15,1.657254273,0.028612647,1.058414494,4
HK,17/4/2016,16,1.89722281,0.032432432,1.092340406,4
HK,24/4/2016,17,2.514412799,0.041788144,0.6286032,4
HK,1/5/2016,18,2.270013571,0.04145555,0.718837631,5
HK,8/5/2016,19,1.639882511,0.038088125,0.653809367,5
HK,15/5/2016,20,1.993995767,0.045997089,0.795074261,5
HK,22/5/2016,21,1.544621531,0.036203091,1.243231964,5
HK,29/5/2016,22,1.322044929,0.032513878,0.93510495,5
HK,5/6/2016,23,1.403410565,0.031529164,1.239679333,6
HK,12/6/2016,24,1.18304927,0.036319613,1.045026855,6
HK,19/6/2016,25,1.43984494,0.036480687,1.294650492,6
HK,26/6/2016,26,1.328996267,0.029232996,1.76322277,6
HK,3/7/2016,27,1.727223941,0.035211268,2.171367241,7
HK,10/7/2016,28,1.63129365,0.045351474,1.35164331,7
HK,17/7/2016,29,1.899719233,0.041718171,1.716783306,7
HK,24/7/2016,30,2.512729226,0.046475359,2.681368771,7
HK,31/7/2016,31,2.464913497,0.050145584,1.940125462,7
HK,7/8/2016,32,1.240720672,0.048434926,0.970631818,8
HK,14/8/2016,33,1.607219313,0.036781609,1.377616554,8
HK,21/8/2016,34,1.355424079,0.03831283,1.044546996,8
HK,28/8/2016,35,1.641983026,0.037834312,1.316417426,8
HK,4/9/2016,36,1.751757164,0.034710744,0.900903684,9
HK,11/9/2016,37,1.525258277,0.032894737,0.99141788,9
HK,18/9/2016,38,1.575534727,0.033052885,0.759121278,9
HK,25/9/2016,39,1.735740317,0.032545131,0.88143063,9
HK,2/10/2016,40,1.523897311,0.027092846,0.924611852,10
HK,9/10/2016,41,1.286981242,0.024651661,1.021191637,10
HK,16/10/2016,42,1.080078548,0.022030366,1.211439452,10
HK,23/10/2016,43,0.977268881,0.020611916,1.221586102,10
HK,30/10/2016,44,0.89663578,0.01843044,1.720962223,10
HK,6/11/2016,45,1.073582922,0.022519781,1.508819241,11
HK,13/11/2016,46,0.952404635,0.019923821,1.526648606,11
HK,20/11/2016,47,1.222782664,0.022296544,1.604902247,11
HK,27/11/2016,48,0.857727466,0.018475751,1.340199166,11
HK,4/12/2016,49,1.299300976,0.027564649,1.218931844,12
HK,11/12/2016,50,0.848102573,0.016680339,1.473752013,12
HK,18/12/2016,51,0.752900986,0.01558373,1.505801972,12
HK,25/12/2016,52,0.582312627,0.018867925,0.978960359,12
HK,1/1/2017,53,0.716085928,0.020239453,1.38174327,1
HK,8/1/2017,1,0.812910372,0.019857029,1.745047598,1
HK,15/1/2017,2,0.679263644,0.020255064,1.031474422,1
HK,22/1/2017,3,0.999485063,0.025396825,1.270178934,1
HK,29/1/2017,4,1.001456444,0.025115473,1.15109936,1
HK,5/2/2017,5,0.848798144,0.030192963,0.657339916,2
HK,12/2/2017,6,1.381826598,0.028265107,1.143580633,2
HK,19/2/2017,7,0.971225741,0.017343787,1.383664069,2
HK,26/2/2017,8,1.15289422,0.022217079,0.684530943,2
HK,5/3/2017,9,1.26173982,0.02315379,0.942984497,3
HK,12/3/2017,10,1.217115294,0.020606348,1.426962758,3
HK,19/3/2017,11,1.337505524,0.023038157,1.05885854,3
HK,26/3/2017,12,1.074412213,0.019291819,1.115212677,3
HK,2/4/2017,13,0.909196729,0.020408163,0.887549188,4
HK,9/4/2017,14,1.351945496,0.023751224,1.588884398,4
HK,16/4/2017,15,0.770748494,0.019675203,1.015430556,4
HK,23/4/2017,16,0.829588834,0.026257322,1.033795316,4
HK,30/4/2017,17,1.239294216,0.024822695,1.643961715,4
HK,7/5/2017,18,1.012524709,0.018684785,1.656858615,5
HK,14/5/2017,19,0.988704318,0.019485206,1.513572043,5
HK,21/5/2017,20,1.135879105,0.020384792,1.595335821,5
HK,28/5/2017,21,0.783162355,0.015412511,1.289914468,5
HK,4/6/2017,22,0.773703181,0.013856321,1.690243873,6
HK,11/6/2017,23,0.606173028,0.013689408,1.361404996,6
HK,18/6/2017,24,0.941987983,0.018288553,1.651386341,6
HK,25/6/2017,25,1.019414688,0.017788786,1.729133775,6
HK,2/7/2017,26,1.557706835,0.023141511,2.481302923,7
HK,9/7/2017,27,1.624192377,0.027141232,1.945140571,7
HK,16/7/2017,28,1.948528157,0.029764549,1.49290217,7
HK,23/7/2017,29,3.027439197,0.039625676,1.698047077,7
HK,30/7/2017,30,3.207516541,0.044323369,1.513180561,7
HK,6/8/2017,31,3.327718325,0.052072449,1.012783838,8
HK,13/8/2017,32,4.004414204,0.070209845,1.297519686,8
HK,20/8/2017,33,3.981115117,0.074291939,0.910636302,8
HK,27/8/2017,34,4.902738075,0.093735168,0.844015669,8
HK,3/9/2017,35,3.206559839,0.08422425,0.784266958,9
HK,10/9/2017,36,4.251931808,0.09936407,0.63495515,9
HK,17/9/2017,37,4.828222124,0.099110232,0.698346342,9
HK,24/9/2017,38,3.864920658,0.0817366,0.860145547,9
HK,1/10/2017,39,3.576773714,0.084402258,0.66317081,10
HK,8/10/2017,40,3.117696884,0.079213483,0.873397354,10
HK,15/10/2017,41,2.296237768,0.067483064,0.771323111,10
HK,22/10/2017,42,2.464612157,0.056392007,1.172485395,10
HK,29/10/2017,43,1.438890328,0.035842294,1.295001295,10
HK,5/11/2017,44,0.825139346,0.02181731,0.970218791,11
HK,12/11/2017,45,0.83248574,0.019018247,1.068731693,11
HK,19/11/2017,46,0.38658919,0.00978836,0.992593865,11
HK,26/11/2017,47,0.353266403,0.008181074,1.095125851,11
HK,3/12/2017,48,0.242638595,0.00685654,0.877231844,12
HK,10/12/2017,49,0.35235482,0.008500773,1.04638704,12
HK,17/12/2017,50,0.176158533,0.004152418,0.756445466,12
HK,24/12/2017,51,0.226332034,0.005875153,0.707287605,12
HK,31/12/2017,52,0.142400117,0.004426737,0.747600614,12
HK,7/1/2018,1,0.237369774,0.005967604,0.762974274,1
HK,14/1/2018,2,0.203895001,0.003525955,1.110095003,1
HK,21/1/2018,3,0.282743329,0.004041249,0.994476538,1
HK,28/1/2018,4,0.456760629,0.005950807,0.822169133,1
HK,4/2/2018,5,0.693341713,0.009190431,0.989031561,2
HK,11/2/2018,6,0.401608779,0.005628743,0.769038088,2
HK,18/2/2018,7,0.201380318,0.005536223,0.270424999,2
HK,25/2/2018,8,0.339712745,0.00591409,0.554268163,2
HK,4/3/2018,9,0.428976207,0.008963738,0.532970439,3
HK,11/3/2018,10,0.548435917,0.013647059,0.523220473,3
HK,18/3/2018,11,0.657287543,0.014500442,0.416816491,3
HK,25/3/2018,12,0.87748487,0.019719867,0.475646004,3
HK,1/4/2018,13,0.549882121,0.015295888,0.378607362,4
HK,8/4/2018,14,0.347504033,0.015949237,0.269035381,4
HK,15/4/2018,15,0.396064357,0.015767266,0.267761819,4
HK,22/4/2018,16,0.643941942,0.015552461,0.528609057,4
HK,29/4/2018,17,0.639107542,0.013569457,0.519951898,4
HK,6/5/2018,18,0.660768816,0.014074758,0.552446059,5
HK,13/5/2018,19,0.724795006,0.016884661,0.612502822,5
HK,20/5/2018,20,0.846169313,0.02032802,0.442315777,5
HK,27/5/2018,21,0.773357843,0.019862852,0.405092204,5
HK,3/6/2018,22,1.286730957,0.033563437,0.401533065,6
HK,10/6/2018,23,1.115689134,0.028471528,0.381683125,6
HK,17/6/2018,24,1.247588899,0.039249147,0.294461976,6
HK,24/6/2018,25,1.310993171,0.031830914,0.367078088,6
HK,1/7/2018,26,1.425882285,0.038393977,0.493933079,7
HK,8/7/2018,27,1.745086491,0.041720991,0.77438213,7
HK,15/7/2018,28,2.20435292,0.053794179,0.575048588,7
HK,22/7/2018,29,1.624050672,0.0523832,0.446248158,7
HK,29/7/2018,30,1.231594133,0.048272482,0.268825115,7
HK,5/8/2018,31,0.901814322,0.052244297,0.182056412,8
HK,12/8/2018,32,1.078731897,0.056418838,0.210261302,8
HK,19/8/2018,33,1.989743131,0.054711979,0.2980232,8
HK,26/8/2018,34,2.719536581,0.061575179,0.442715257,8
HK,2/9/2018,35,2.192466316,0.058892815,0.48234259,9
HK,9/9/2018,36,2.704162172,0.056096981,0.653123914,9
HK,16/9/2018,37,1.682062752,0.052996991,0.426024627,9
HK,23/9/2018,38,0.955854376,0.051616136,0.21344321,9
HK,30/9/2018,39,0.932522216,0.05020818,0.209248887,9
HK,7/10/2018,40,1.49284809,0.046190476,0.507876154,10
HK,14/10/2018,41,0.791054479,0.029309142,0.382970819,10
HK,21/10/2018,42,0.767773924,0.025212182,0.395289545,10
HK,28/10/2018,43,0.768116304,0.023966165,0.399119256,10
HK,4/11/2018,44,0.738774221,0.018655878,0.63196349,11
HK,11/11/2018,45,0.471426863,0.015124945,0.519252777,11
HK,18/11/2018,46,0.336939248,0.01373809,0.364111768,11
HK,25/11/2018,47,0.374891336,0.012605042,0.532740319,11
HK,2/12/2018,48,0.366366166,0.012431843,0.392076073,12
HK,9/12/2018,49,0.543183053,0.012345679,0.760456274,12
HK,16/12/2018,50,0.550647041,0.014795298,0.610991923,12
HK,23/12/2018,51,0.628742898,0.014454433,0.590404916,12
HK,30/12/2018,52,0.730721308,0.018227757,0.578789155,12
HK,6/1/2019,1,0.798480453,0.018662263,0.572362095,1
HK,13/1/2019,2,0.92194615,0.019246519,0.712710145,1
HK,20/1/2019,3,1.493924896,0.027377709,0.700941065,1
HK,27/1/2019,4,1.667158601,0.02708919,0.770667655,1
HK,3/2/2019,5,1.2629384,0.029175476,0.50639559,2
HK,10/2/2019,6,0.555853933,0.020747571,0.229400036,2
HK,17/2/2019,7,0.627032249,0.021650455,0.34986582,2
HK,24/2/2019,8,1.150397774,0.030113727,0.458935282,2
HK,3/3/2019,9,1.127276684,0.023685918,0.455543318,3
HK,10/3/2019,10,1.253923854,0.02929851,0.566057054,3
HK,17/3/2019,11,1.144417599,0.029007378,0.41675323,3
HK,24/3/2019,12,1.130679552,0.027953668,0.474760475,3
HK,31/3/2019,13,0.937447499,0.025666176,0.417970223,3
HK,7/4/2019,14,0.954236114,0.028465804,0.46472538,4
HK,14/4/2019,15,0.596258329,0.019809953,0.402353181,4
HK,21/4/2019,16,1.046471397,0.028564793,0.510473852,4
HK,28/4/2019,17,0.71474879,0.024167807,0.364117308,4
HK,5/5/2019,18,0.61343052,0.021879022,0.396925631,5
HK,12/5/2019,19,0.333021478,0.017485735,0.259406204,5
HK,19/5/2019,20,0.461140972,0.016521423,0.491545872,5
HK,26/5/2019,21,0.737755248,0.018979409,0.549836459,5
HK,2/6/2019,22,0.540739987,0.015615734,0.540739987,6
HK,9/6/2019,23,0.390664637,0.015981735,0.273972603,6
HK,16/6/2019,24,0.579203984,0.015740908,0.505971296,6
HK,23/6/2019,25,0.528292627,0.015922977,0.52214969,6
HK,30/6/2019,26,0.672065663,0.020714557,0.585745302,6
HK,7/7/2019,27,0.718704512,0.016458333,0.909752547,7
HK,14/7/2019,28,1.149019426,0.024836082,1.296093912,7
HK,21/7/2019,29,1.192308675,0.028598848,0.952246526,7
HK,28/7/2019,30,1.262193719,0.027391488,1.019464157,7
HK,4/8/2019,31,1.273685038,0.031055901,1.028045781,8
HK,11/8/2019,32,1.063387917,0.030925651,0.888584424,8
HK,18/8/2019,33,0.888935829,0.03030303,0.456988138,8
HK,25/8/2019,34,1.030315303,0.029807261,0.766926428,8
HK,1/9/2019,35,1.197309913,0.03180778,0.620189307,9
HK,8/9/2019,36,0.727501474,0.031649988,0.449339146,9
HK,15/9/2019,37,1.214281044,0.032953719,0.571426374,9
HK,22/9/2019,38,1.411365263,0.037792329,0.761578286,9
HK,29/9/2019,39,1.000056482,0.028548124,0.500028241,9
HK,6/10/2019,40,0.653049882,0.019174656,0.731131933,10
HK,13/10/2019,41,0.490203002,0.014361825,0.608800502,10
HK,20/10/2019,42,0.492154304,0.016767583,0.49898978,10
HK,27/10/2019,43,0.389605384,0.014336918,0.538572149,10
HK,3/11/2019,44,0.415072969,0.01283148,0.650280985,11
HK,10/11/2019,45,0.22086269,0.006897993,0.575581557,11
HK,17/11/2019,46,0.174211711,0.008016878,0.362176977,11
HK,24/11/2019,47,0.089272452,0.003974064,0.366486909,11
HK,1/12/2019,48,0.119232933,0.004380476,0.414476386,12
HK,8/12/2019,49,0.074173189,0.004584288,0.212405041,12
HK,15/12/2019,50,0.083087772,0.003144105,0.323119114,12
HK,22/12/2019,51,0.088933982,0.003180449,0.210633116,12
HK,29/12/2019,52,0.108371923,0.003727171,0.303441385,12