date,monthid,yearid,weekid,h1_pos,sh3_pos,b_pos,pos_index,Adenovirus
2004-07-04,7,2004,27,0.0035906642728904797,0.206463195691203,0.0215439856373429,7.6931188332049025,1.4312779224567247
2004-07-11,7,2004,28,0.00526315789473684,0.31929824561403497,0.0157894736842105,15.5344988656079,3.683437875350327
2004-07-18,7,2004,29,0.0061633281972265,0.33127889060092497,0.0215716486902928,17.428375099275737,1.121998396949081
2004-07-25,7,2004,30,0.009259259259259259,0.36375661375661406,0.0211640211640212,19.248581942080413,2.3253320466942755
2004-08-01,8,2004,31,0.0028208744710860397,0.324400564174894,0.0211565585331453,15.637536480004322,2.215845250203041
2004-08-08,8,2004,32,0.0015600624024961,0.24960998439937598,0.0280811232449298,11.942200007859714,1.467756425547004
2004-08-15,8,2004,33,0.00495049504950495,0.193069306930693,0.0264026402640264,9.525455856843962,2.2412837310221096
2004-08-22,8,2004,34,0.0,0.246467817896389,0.0376766091051805,10.757327536589704,1.6641169669862566
2004-08-29,8,2004,35,0.0,0.17794970986460298,0.034816247582205,8.021999983111554,1.0209818160323838
2004-09-05,9,2004,36,0.0,0.15415019762845802,0.0474308300395257,6.61619656946616,3.372962956982745
2004-09-12,9,2004,37,0.0,0.0990825688073395,0.0128440366972477,4.900223727082994,1.8476253397198161
2004-09-19,9,2004,38,0.0,0.11304347826087,0.048695652173912994,7.38219980918633,1.2700558811503315
2004-09-26,9,2004,39,0.0017574692442882199,0.0843585237258348,0.0228471001757469,3.5217547881664517,1.9312848838332142
2004-10-03,10,2004,40,0.0,0.0311111111111111,0.0111111111111111,1.7887911892708066,1.694644284572344
2004-10-10,10,2004,41,0.00208768267223382,0.0208768267223382,0.0125260960334029,1.1924450039880738,3.156472069380197
2004-10-17,10,2004,42,0.0,0.018348623853211003,0.0114678899082569,1.071614405039026,2.5553881966315237
2004-10-24,10,2004,43,0.0,0.00842696629213483,0.0112359550561798,0.7022471910112364,2.708667736757624
2004-10-31,10,2004,44,0.0,0.0045662100456621,0.0045662100456621,0.3891036433919653,4.474691899007588
2004-11-07,11,2004,45,0.0,0.00464037122969838,0.00464037122969838,0.32449233468636596,3.650538765221598
2004-11-14,11,2004,46,0.0,0.0045662100456621,0.00684931506849315,0.4180207871954007,4.598228659149417
2004-11-21,11,2004,47,0.0,0.0021505376344086,0.0021505376344086,0.14582894089535425,3.6457235223838564
2004-11-28,11,2004,48,0.0,0.0144927536231884,0.0036231884057971,0.693093061072161,4.019939754218536
2004-12-05,12,2004,49,0.0,0.0126582278481013,0.006329113924050629,0.7308127188990943,4.628480553027588
2004-12-12,12,2004,50,0.0,0.00219298245614035,0.0043859649122807,0.24489039500158868,4.489657241695784
2004-12-19,12,2004,51,0.0,0.00417536534446764,0.00626304801670146,0.3784641126735635,3.5575626591314995
2004-12-26,12,2004,52,0.0,0.0142517814726841,0.00475059382422803,0.772647233138393,2.9940080284112685
2005-01-02,1,2005,1,0.0,0.0228310502283105,0.0045662100456621,1.1855333730244355,1.614625675947459
2005-01-09,1,2005,2,0.0051150895140665,0.030690537084398995,0.010230179028133002,1.7886604004823325,2.5725038408256173
2005-01-16,1,2005,3,0.0,0.0236406619385343,0.016548463356974,1.259813142623689,2.9663510599072285
2005-01-23,1,2005,4,0.00806451612903226,0.0564516129032258,0.0161290322580645,3.3821363076090556,2.9743610081100904
2005-01-30,1,2005,5,0.0186046511627907,0.0534883720930233,0.0511627906976744,5.082392530842052,2.3277543392931483
2005-02-06,2,2005,6,0.029810298102981,0.0514905149051491,0.021680216802168,4.006466577634077,3.709536894310033
2005-02-13,2,2005,7,0.0108892921960073,0.0762250453720508,0.0199637023593466,4.366787783194362,1.215704412013275
2005-02-20,2,2005,8,0.00646551724137931,0.0581896551724138,0.0603448275862069,4.395191585274225,2.9992595935809594
2005-02-27,2,2005,9,0.0186567164179104,0.110074626865672,0.0671641791044776,9.231985416816295,2.8438759674790384
2005-03-06,3,2005,10,0.017743979721166002,0.14575411913814998,0.0887198986058302,14.4263955444281,4.588655231716523
2005-03-13,3,2005,11,0.0398230088495575,0.17920353982300896,0.103982300884956,25.21347948855766,3.8583886003115953
2005-03-20,3,2005,12,0.0395927601809955,0.135746606334842,0.083710407239819,21.677539349859842,3.5175633856343986
2005-03-27,3,2005,13,0.0224489795918367,0.143877551020408,0.0642857142857143,18.784046364831003,2.9485228747101875
2005-04-03,4,2005,14,0.0192962542565267,0.127128263337117,0.0488081725312145,16.22471409478153,1.017606059622868
2005-04-10,4,2005,15,0.0239179954441913,0.190205011389522,0.0523917995444191,18.24507248632366,4.973112882367053
2005-04-17,4,2005,16,0.0125786163522013,0.13941299790356398,0.0524109014675052,12.489658669370984,2.2965915205253045
2005-04-24,4,2005,17,0.0145739910313901,0.18609865470852,0.0448430493273543,15.614528408810909,3.6666033128297304
2005-05-01,5,2005,18,0.0214007782101167,0.23443579766536998,0.0214007782101167,19.067164445655816,4.394853150254294
2005-05-08,5,2005,19,0.0123022847100176,0.302284710017575,0.0210896309314587,26.88405664639356,2.2593243563577907
2005-05-15,5,2005,20,0.0182608695652174,0.33304347826087,0.0156521739130435,29.39406710215171,2.4636037299611093
2005-05-22,5,2005,21,0.0101302460202605,0.390738060781476,0.009406657018813309,34.78233747675409,3.5385647402161786
2005-05-29,5,2005,22,0.009893992932862191,0.35406360424028294,0.007773851590106009,33.27921471375502,3.174181838436334
2005-06-05,6,2005,23,0.0137994480220791,0.287948482060718,0.0137994480220791,27.398459200316196,3.6817676272437567
2005-06-12,6,2005,24,0.0073260073260073295,0.20757020757020803,0.00976800976800977,15.197671763328367,2.6137430168541647
2005-06-19,6,2005,25,0.0023724792408066396,0.134045077105575,0.0142348754448399,9.173782718595112,3.048402143028311
2005-06-26,6,2005,26,0.00531914893617021,0.0930851063829787,0.0212765957446809,7.2775054328599635,4.327943128122334
2005-07-03,7,2005,27,0.00606796116504854,0.101941747572816,0.0182038834951456,7.37778143792444,2.2542382523609046
2005-07-10,7,2005,28,0.0059101654846335705,0.0567375886524823,0.00472813238770686,4.0643058141566835,6.369039272133389
2005-07-17,7,2005,29,0.0038022813688212897,0.0544993662864385,0.00633713561470215,2.4360222246581693,4.187410752190185
2005-07-24,7,2005,30,0.0029940119760479,0.0224550898203593,0.0179640718562874,1.9239458046657394,3.707133544692238
2005-07-31,7,2005,31,0.00462249614791988,0.0138674884437596,0.0061633281972265,0.8152898404694745,4.703096474003121
2005-08-07,8,2005,32,0.00336700336700337,0.00841750841750842,0.0168350168350168,1.2454554612306201,8.381679325330694
2005-08-14,8,2005,33,0.0,0.0148698884758364,0.00929368029739777,0.9746027568510045,4.821014776767012
2005-08-21,8,2005,34,0.0136752136752137,0.0153846153846154,0.0153846153846154,1.9863000255157135,4.40271892272767
2005-08-28,8,2005,35,0.00875656742556918,0.00175131348511384,0.010507880910683,1.0457816893638996,3.5726405234081264
2005-09-04,9,2005,36,0.0037037037037037,0.009259259259259259,0.0111111111111111,1.109797741003413,3.2293723838978483
2005-09-11,9,2005,37,0.00874125874125874,0.0034965034965035,0.00524475524475524,0.9166863099447377,2.815924538770983
2005-09-18,9,2005,38,0.00610687022900763,0.00458015267175573,0.007633587786259541,0.8582368097864043,2.5388255277845193
2005-09-25,9,2005,39,0.00668896321070234,0.00167224080267559,0.0100334448160535,0.8703266788738458,2.2392943751510583
2005-10-02,10,2005,40,0.00411522633744856,0.00137174211248285,0.00685871056241427,0.6665857393245124,2.528121165197315
2005-10-09,10,2005,41,0.0031496062992126,0.0,0.0062992125984252,0.44383654422334035,1.9974673920979515
2005-10-16,10,2005,42,0.00274725274725275,0.0,0.00824175824175824,0.4533138094781935,1.7540031966738927
2005-10-23,10,2005,43,0.00142247510668563,0.0,0.0042674253200569,0.2643792117476329,3.8933288933288965
2005-10-30,10,2005,44,0.0,0.00138312586445367,0.00691562932226833,0.3935814909358859,3.4406188514174745
2005-11-06,11,2005,45,0.0013192612137203198,0.005277044854881271,0.005277044854881271,0.5571285929970631,3.050294030138829
2005-11-13,11,2005,46,0.00143472022955524,0.0143472022955524,0.0028694404591104697,0.9874957228528741,3.70195651490846
2005-11-20,11,2005,47,0.00153139356814701,0.0030627871362940303,0.00153139356814701,0.28732098413801754,3.2301968891040294
2005-11-27,11,2005,48,0.010958904109589001,0.0,0.0027397260273972603,0.6256537982565366,3.776917722400112
2005-12-04,12,2005,49,0.006125574272588061,0.0030627871362940303,0.00153139356814701,0.5702168688006463,4.080565647417227
2005-12-11,12,2005,50,0.00698324022346369,0.00139664804469274,0.00698324022346369,0.6885259874326406,4.461088605751786
2005-12-18,12,2005,51,0.00988700564971751,0.00423728813559322,0.0169491525423729,1.3008569606406315,2.5726444919932017
2005-12-25,12,2005,52,0.0260115606936416,0.0043352601156069395,0.0332369942196532,2.921078234991126,3.1146165464003985
2006-01-01,1,2005,53,0.0301346547350753,0.00379895142811342,0.0337473714980811,3.5480284892267657,2.8787104015342497
2006-01-08,1,2006,1,0.034257748776509,0.0032626427406199,0.034257748776509,3.5425616737882466,4.106151030981827
2006-01-15,1,2006,2,0.0304054054054054,0.0135135135135135,0.0506756756756757,4.603179301974485,2.9591866941264544
2006-01-22,1,2006,3,0.0675105485232067,0.004219409282700421,0.0646976090014065,7.20015975055597,1.8557112759164862
2006-01-29,1,2006,4,0.0608,0.0048,0.1072,6.9380175658720145,0.5781681304893346
2006-02-05,2,2006,5,0.0729312762973352,0.00420757363253857,0.0897615708274895,6.0513082439353285,1.2712832445242293
2006-02-12,2,2006,6,0.0829015544041451,0.0077720207253886,0.0790155440414508,8.92834387648793,2.930677760984588
2006-02-19,2,2006,7,0.0847222222222222,0.00694444444444444,0.0791666666666667,9.627667568379923,2.113390441839495
2006-02-26,2,2006,8,0.0981507823613087,0.00284495021337127,0.0924608819345661,12.455350536197908,2.106419575974649
2006-03-05,3,2006,9,0.119205298013245,0.00397350993377483,0.0728476821192053,11.408806452671053,1.6188171317979174
2006-03-12,3,2006,10,0.122033898305085,0.00903954802259887,0.0983050847457627,14.258751273982773,1.1940826190034823
2006-03-19,3,2006,11,0.10328068043742401,0.0036452004860267296,0.0801944106925881,11.350498025758842,1.179272522156761
2006-03-26,3,2006,12,0.102422907488987,0.0044052863436123395,0.0495594713656388,8.791236377230387,0.8667416146565172
2006-04-02,4,2006,13,0.0699052132701422,0.0023696682464455,0.0438388625592417,7.198234555443271,1.0283192222061823
2006-04-09,4,2006,14,0.0673194614443084,0.00244798041615667,0.0269277845777234,5.109841101190164,1.0995860597497822
2006-04-16,4,2006,15,0.0513219284603421,0.0015552099533437,0.0264385692068429,3.9245610007662863,0.9234261178273615
2006-04-23,4,2006,16,0.0485436893203883,0.00121359223300971,0.0169902912621359,3.3743839668067306,0.8589341006417132
2006-04-30,4,2006,17,0.0451339915373766,0.0,0.0267983074753173,3.4180323609875933,1.2063643627015026
2006-05-07,5,2006,18,0.0632716049382716,0.0,0.0185185185185185,4.445302686296998,1.0903572626766207
2006-05-14,5,2006,19,0.0654545454545455,0.0,0.0121212121212121,4.224273069080539,1.1220725339745172
2006-05-21,5,2006,20,0.10192837465564698,0.0,0.0068870523415978,5.563470240359598,0.9859314350004371
2006-05-28,5,2006,21,0.0930232558139535,0.0,0.0058139534883720895,5.421669560397459,1.6743391289462746
2006-06-04,6,2006,22,0.101892285298399,0.0,0.00582241630276565,6.462476925102792,1.6592846159047667
2006-06-11,6,2006,23,0.164108618654073,0.00118063754427391,0.008264462809917359,11.124489727817755,1.135152013042628
2006-06-18,6,2006,24,0.247290640394089,0.000985221674876847,0.00788177339901478,17.448298231682095,0.9395237509367296
2006-06-25,6,2006,25,0.225300092336103,0.000923361034164358,0.00646352723915051,18.361584617352417,1.602995482467279
2006-07-02,7,2006,26,0.29826353421859003,0.00102145045965271,0.00306435137895812,18.069094446881948,1.4650617119093514
2006-07-09,7,2006,27,0.215957446808511,0.00319148936170213,0.00425531914893617,10.960295246823385,0.6263025855327632
2006-07-16,7,2006,28,0.158016147635525,0.00461361014994233,0.00346020761245675,9.045455821207918,0.4397096579753845
2006-07-23,7,2006,29,0.11894882434301499,0.004149377593360999,0.00829875518672199,7.034196794903426,1.258751005403773
2006-07-30,7,2006,30,0.0811808118081181,0.00492004920049201,0.00492004920049201,4.146120643837342,1.4567450910779833
2006-08-06,8,2006,31,0.0615883306320908,0.008103727714748779,0.00324149108589951,3.2948871217394453,1.7572731315943717
2006-08-13,8,2006,32,0.0367892976588629,0.00836120401337793,0.0100334448160535,2.4562587457697793,1.4142095808977504
2006-08-20,8,2006,33,0.027027027027027,0.0095389507154213,0.0015898251192368801,1.562522970557783,0.9765768565986169
2006-08-27,8,2006,34,0.02,0.0066666666666666706,0.0,1.024169986719787,0.7681274900398402
2006-09-03,9,2006,35,0.0110584518167457,0.00789889415481832,0.00315955766192733,0.8449487313063039,0.7242417696911172
2006-09-10,9,2006,36,0.025297619047618996,0.0267857142857143,0.00297619047619048,2.1156139985176954,0.8005025940337217
2006-09-17,9,2006,37,0.0176565008025682,0.0208667736757624,0.004815409309791329,1.6079389445614873,0.7146395309162165
2006-09-24,9,2006,38,0.0296191819464034,0.0394922425952045,0.0028208744710860397,2.963317360815031,0.5229383577908893
2006-10-01,10,2006,39,0.0101744186046512,0.0174418604651163,0.00145348837209302,1.2530443379619933,0.5638699520828956
2006-10-08,10,2006,40,0.00716845878136201,0.0125448028673835,0.0,0.914351481824867,0.748105757856709
2006-10-15,10,2006,41,0.007587253414264041,0.007587253414264041,0.00151745068285281,0.6473795142217617,0.9416429297771066
2006-10-22,10,2006,42,0.0,0.00520833333333333,0.00347222222222222,0.34567265514742335,1.520959682648662
2006-10-29,10,2006,43,0.0017452006980802801,0.00523560209424084,0.0,0.2593214951971959,0.8427948593908852
2006-11-05,11,2006,44,0.0,0.0,0.0,0.0,1.1503340317033657
2006-11-12,11,2006,45,0.0,0.00333889816360601,0.0,0.13103914300400468,1.6379892875500572
2006-11-19,11,2006,46,0.0,0.00161550888529887,0.0,0.05145759029726061,0.9262366253506892
2006-11-26,11,2006,47,0.00172117039586919,0.0,0.00172117039586919,0.13109991445315688,1.0487993156252573
2006-12-03,12,2006,48,0.00328947368421053,0.00164473684210526,0.0,0.1833778915649003,1.2225192770993367
2006-12-10,12,2006,49,0.00333889816360601,0.008347245409015021,0.00166944908180301,0.5565611082312254,0.9739819394046456
2006-12-17,12,2006,50,0.00324149108589951,0.00648298217179903,0.00162074554294976,0.4118513915153101,1.0002105222514686
2006-12-24,12,2006,51,0.00162074554294976,0.00324149108589951,0.00972447325769854,0.5687951297947439,1.5167870127859853
2006-12-31,12,2006,52,0.008103727714748779,0.00648298217179903,0.00486223662884927,0.778620516374499,1.1030457315305418
2007-01-07,1,2007,1,0.0093603744149766,0.0140405616224649,0.0031201248049922,1.0890571528165816,1.2812437091959783
2007-01-14,1,2007,2,0.00634920634920635,0.0523809523809524,0.00952380952380952,2.912541521948478,1.8288051416885802
2007-01-21,1,2007,3,0.004464285714285711,0.0922619047619048,0.0133928571428571,4.344289396364509,1.2915454962164743
2007-01-28,1,2007,4,0.00151975683890578,0.12462006079027399,0.0106382978723404,5.772363367860252,1.3468847858340556
2007-02-04,2,2007,5,0.00794701986754967,0.15099337748344402,0.0198675496688742,9.056473276081201,1.0733597956836982
2007-02-11,2,2007,6,0.0035714285714285704,0.16547619047619,0.0166666666666667,10.303633648581364,1.2549297392502965
2007-02-18,2,2007,7,0.005369127516778521,0.204026845637584,0.025503355704698,13.624905604186402,2.1021282932173273
2007-02-25,2,2007,8,0.00561797752808989,0.267415730337079,0.0179775280898876,15.14417610816549,1.6956799503351276
2007-03-04,3,2007,9,0.00534188034188034,0.27243589743589697,0.016025641025641003,15.552260004486449,0.7917514184102228
2007-03-11,3,2007,10,0.0032537960954446897,0.259219088937093,0.0368763557483731,17.590246564042303,1.2746555481190065
2007-03-18,3,2007,11,0.00661521499448732,0.298787210584344,0.0286659316427784,18.768546310971043,1.3007903383841302
2007-03-25,3,2007,12,0.00334075723830735,0.20712694877505605,0.0233853006681514,12.93872839887506,0.924194885633929
2007-04-01,4,2007,13,0.00225733634311512,0.146726862302483,0.0417607223476298,10.652874865618715,2.4583557382197028
2007-04-08,4,2007,14,0.00144927536231884,0.136231884057971,0.0449275362318841,11.2222244051946,2.7610234647701026
2007-04-15,4,2007,15,0.0010729613733905599,0.127682403433476,0.0472103004291846,7.59748263551515,1.3897834089356993
2007-04-22,4,2007,16,0.0,0.101343101343101,0.0305250305250305,5.217871052504425,1.4977222465521982
2007-04-29,4,2007,17,0.0,0.09815950920245402,0.0515337423312883,6.4840262022431965,1.6475804284388442
2007-05-06,5,2007,18,0.00531914893617021,0.0970744680851064,0.0478723404255319,6.340874443379911,1.23450652879963
2007-05-13,5,2007,19,0.0025062656641604,0.0639097744360902,0.0651629072681704,6.5496357270499965,1.5594370778690472
2007-05-20,5,2007,20,0.0,0.0342935528120713,0.0452674897119342,3.91940410851807,1.9597020542590322
2007-05-27,5,2007,21,0.0,0.048411497730711,0.0438729198184569,5.027668327863266,1.3187326761608558
2007-06-03,6,2007,22,0.00304878048780488,0.0655487804878049,0.0350609756097561,4.419210153867735,1.6896980000082509
2007-06-10,6,2007,23,0.00151515151515152,0.0833333333333333,0.0545454545454545,7.388850410409816,2.088153376854949
2007-06-17,6,2007,24,0.00412654745529574,0.144429160935351,0.0522696011004127,11.368134413882272,2.180190161566458
2007-06-24,6,2007,25,0.00291828793774319,0.25097276264591395,0.056420233463035,21.95228891689584,1.8580307233736306
2007-07-01,7,2007,26,0.00169061707523246,0.30431107354184306,0.0507185122569738,22.245896400211866,1.4233156464590515
2007-07-08,7,2007,27,0.0031201248049922,0.31903276131045194,0.0608424336973479,27.063391683932288,1.4330920239964164
2007-07-15,7,2007,28,0.00535168195718654,0.272935779816514,0.0665137614678899,24.70028661825569,1.862105864790891
2007-07-22,7,2007,29,0.0,0.17668488160291396,0.0418943533697632,11.288288654761399,2.0695195867062606
2007-07-29,7,2007,30,0.00436681222707424,0.149563318777293,0.0567685589519651,8.281274282601261,1.4159691778540966
2007-08-05,8,2007,31,0.0039011703511053295,0.081924577373212,0.0416124837451235,5.45711913822388,1.6148617858009442
2007-08-12,8,2007,32,0.007585335018963341,0.0391908975979772,0.0404551201011378,3.1632281408335454,1.4211604690701427
2007-08-19,8,2007,33,0.0046656298600311,0.00933125972006221,0.0482115085536547,2.2127666369540013,1.4382983140201007
2007-08-26,8,2007,34,0.0014367816091954,0.0244252873563218,0.0445402298850575,3.2001044932079434,1.8939393939393971
2007-09-02,9,2007,35,0.003994673768308921,0.0279627163781625,0.0479360852197071,4.0027438163257125,1.2675355418364755
2007-09-09,9,2007,36,0.00723589001447178,0.0231548480463097,0.040520984081042,3.142477977073336,1.4109084795023121
2007-09-16,9,2007,37,0.00561797752808989,0.0224719101123595,0.0294943820224719,2.70446353185685,1.6490631291810078
2007-09-23,9,2007,38,0.0028288543140028303,0.016973125884017,0.0297029702970297,2.133165369184991,0.9751613116274225
2007-09-30,9,2007,39,0.0015337423312883401,0.0122699386503067,0.0291411042944785,2.0218530294209796,3.6104518382517568
2007-10-07,10,2007,40,0.00710479573712256,0.0230905861456483,0.0337477797513321,3.3467367229983402,1.6733683614991712
2007-10-14,10,2007,41,0.0017452006980802801,0.012216404886562,0.0261780104712042,1.6981878662894836,1.6243536112334152
2007-10-21,10,2007,42,0.0,0.0066334991708126,0.0182421227197347,1.1323113342854816,2.491084935428057
2007-10-28,10,2007,43,0.0,0.0077639751552795,0.0062111801242236,0.5403445553183966,1.8611868016522548
2007-11-04,11,2007,44,0.00163132137030995,0.00163132137030995,0.0195758564437194,1.0621541247453485,2.2001764012582243
2007-11-11,11,2007,45,0.00150375939849624,0.0,0.00601503759398496,0.37911996777480284,2.6538397744236195
2007-11-18,11,2007,46,0.0,0.00140449438202247,0.00280898876404494,0.17329327152908824,1.9062259868199747
2007-11-25,11,2007,47,0.0,0.0,0.0061633281972265,0.2620657861638828,2.9482400943436806
2007-12-02,12,2007,48,0.00143884892086331,0.00143884892086331,0.00287769784172662,0.2551297081502062,2.9339916437273685
2007-12-09,12,2007,49,0.0,0.0,0.0120481927710843,0.6017579151803729,3.476823509931057
2007-12-16,12,2007,50,0.0,0.0,0.0154639175257732,0.5948672954595311,1.9333187102434761
2007-12-23,12,2007,51,0.0027285129604365604,0.005457025920873121,0.0286493860845839,1.8951301975206098,2.0355102121517694
2007-12-30,12,2007,52,0.0058055152394775,0.0058055152394775,0.0130624092888244,1.359683015313199,1.839571138364913
2008-01-06,1,2008,1,0.0099009900990099,0.00165016501650165,0.0264026402640264,1.6914568169145678,2.941664029416639
2008-01-13,1,2008,2,0.0159651669085631,0.0130624092888244,0.0217706821480406,2.219099309265266,2.6629191711183227
2008-01-20,1,2008,3,0.024263431542461,0.0155979202772964,0.0207972270363951,2.6996708225914614,2.3140035622212545
2008-01-27,1,2008,4,0.0380517503805175,0.0380517503805175,0.0319634703196347,5.475153850432599,2.390560131879022
2008-02-03,2,2008,5,0.0413223140495868,0.0115702479338843,0.0347107438016529,4.489992442526634,2.2873546405324343
2008-02-10,2,2008,6,0.0636042402826855,0.0247349823321555,0.0759717314487632,4.692161201193262,0.30272007749633906
2008-02-17,2,2008,7,0.0497560975609756,0.0321951219512195,0.0780487804878049,5.637164369938912,0.8593238368809308
2008-02-24,2,2008,8,0.0525762355415352,0.0199789695057834,0.0851735015772871,10.00262167214705,0.9335780227337269
2008-03-02,3,2008,9,0.0823643410852713,0.0300387596899225,0.0862403100775194,11.427397132626021,1.1148680129391233
2008-03-09,3,2008,10,0.092814371257485,0.0479041916167665,0.123502994011976,20.062329642134618,1.64818005558613
2008-03-16,3,2008,11,0.0824937027707809,0.0302267002518892,0.14420654911838798,19.55824551032924,1.725727545029051
2008-03-23,3,2008,12,0.0501296456352636,0.0155574762316335,0.11322385479688801,9.60159400098569,2.087303043692546
2008-03-30,3,2008,13,0.0343642611683849,0.0297823596792669,0.0710194730813287,5.384641994172286,1.4146093374520428
2008-04-06,4,2008,14,0.007507507507507509,0.018018018018018004,0.0540540540540541,3.627377877677762,0.9581752884431809
2008-04-13,4,2008,15,0.0193236714975845,0.0265700483091787,0.0410628019323672,3.4749196007183722,1.206569305804989
2008-04-20,4,2008,16,0.009345794392523359,0.0267022696929239,0.0400534045393858,3.515594884226935,1.7269588904974449
2008-04-27,4,2008,17,0.0120627261761158,0.0337756332931242,0.0265379975874548,3.296053380310038,0.9338817910878461
2008-05-04,5,2008,18,0.00985221674876847,0.0184729064039409,0.0160098522167488,2.3552437345540826,1.3084687414189347
2008-05-11,5,2008,19,0.00372670807453416,0.0211180124223602,0.0186335403726708,2.2302782576255233,1.975389313896893
2008-05-18,5,2008,20,0.009345794392523359,0.0186915887850467,0.0120160213618158,1.6929584216050697,1.4107986846708922
2008-05-25,5,2008,21,0.00576368876080692,0.0244956772334294,0.0230547550432277,2.3326062490003814,1.3869550669731967
2008-06-01,6,2008,22,0.00831024930747922,0.0110803324099723,0.0249307479224377,1.676052596839336,0.9427795857221271
2008-06-08,6,2008,23,0.00181818181818182,0.0236363636363636,0.0145454545454545,2.039487958342368,1.8540799621294306
2008-06-15,6,2008,24,0.0171277997364954,0.0250329380764163,0.0158102766798419,2.441892826042069,1.3319415414774929
2008-06-22,6,2008,25,0.0153452685421995,0.0319693094629156,0.0179028132992327,2.6468300760179595,0.8822766920059866
2008-06-29,6,2008,26,0.0428211586901763,0.0377833753148615,0.0201511335012594,3.987255244764271,0.9968138111910677
2008-07-06,7,2008,27,0.038265306122449,0.0497448979591837,0.0165816326530612,3.750304902837631,0.7317668103097807
2008-07-13,7,2008,28,0.0754716981132075,0.0691823899371069,0.0138364779874214,5.514207106616753,0.7439803239086082
2008-07-20,7,2008,29,0.115062761506276,0.0930962343096234,0.0209205020920502,11.670769372912885,0.6927853965656037
2008-07-27,7,2008,30,0.13740458015267198,0.10008481764207,0.0203562340966921,12.97480686793668,0.5121634289975014
2008-08-03,8,2008,31,0.13245033112582802,0.131622516556291,0.0231788079470199,12.88949736797419,0.520037357785701
2008-08-10,8,2008,32,0.10374639769452401,0.121037463976945,0.0124879923150817,8.370245938517048,0.609977436815011
2008-08-17,8,2008,33,0.0692549842602309,0.0902413431269675,0.0146904512067156,5.817335447909454,0.49061865223332624
2008-08-24,8,2008,34,0.0534591194968553,0.0817610062893082,0.00838574423480084,6.081030326620644,0.443870826760629
2008-08-31,8,2008,35,0.0368608799048751,0.0570749108204518,0.008323424494649229,4.033282153700512,0.562783556330306
2008-09-07,9,2008,36,0.0183374083129584,0.0660146699266504,0.0097799511002445,3.9431420489956417,1.3826601989984726
2008-09-14,9,2008,37,0.0199115044247788,0.043141592920354,0.00884955752212389,2.6826461367514574,0.701615143458074
2008-09-21,9,2008,38,0.0269005847953216,0.0385964912280702,0.00584795321637427,2.6022128210182593,0.7252068517591865
2008-09-28,9,2008,39,0.007585335018963341,0.0240202275600506,0.007585335018963341,1.5165352593118435,1.2230123058966464
2008-10-05,10,2008,40,0.00669344042838019,0.0254350736278447,0.0,1.2242643006916656,0.7141541754034709
2008-10-12,10,2008,41,0.00449775112443778,0.0119940029985007,0.00149925037481259,0.5939133023635449,0.6928988527574707
2008-10-19,10,2008,42,0.0054127198917456,0.0121786197564276,0.0013531799729364,0.6351566619461994,0.45368332996157085
2008-10-26,10,2008,43,0.00283687943262411,0.00425531914893617,0.00425531914893617,0.3510460101928078,0.35104601019280934
2008-11-02,11,2008,44,0.00622083981337481,0.0031104199066874,0.0,0.3581466478176009,1.3132043753312022
2008-11-09,11,2008,45,0.0041724617524339395,0.0041724617524339395,0.00139082058414465,0.384987598957149,1.0449663400265476
2008-11-16,11,2008,46,0.00560224089635854,0.015406162464986,0.00140056022408964,0.7318686115336585,0.5489014586502426
2008-11-23,11,2008,47,0.00638569604086846,0.00638569604086846,0.0,0.4097281591465023,0.5736194228051036
2008-11-30,11,2008,48,0.00483091787439614,0.0036231884057971,0.00483091787439614,0.44196388610860227,0.40178535100781876
2008-12-07,12,2008,49,0.0038314176245210704,0.0,0.0012771392081736901,0.15745098759147272,0.2755392282850776
2008-12-14,12,2008,50,0.0133657351154313,0.00486026731470231,0.0,0.5683330093349402,0.5304441420459461
2008-12-21,12,2008,51,0.00663716814159292,0.00331858407079646,0.00442477876106195,0.5279950178931642,0.5686100192695608
2008-12-28,12,2008,52,0.01323706377858,0.0036101083032491,0.00842358604091456,0.6981079772509026,0.49864855517921697
2009-01-04,1,2009,1,0.0347490347490347,0.0141570141570142,0.00514800514800515,1.5197568389057725,1.049355912577795
2009-01-11,1,2009,2,0.0502577319587629,0.0206185567010309,0.00644329896907216,2.7778819119025275,1.3426429240862234
2009-01-18,1,2009,3,0.0940397350993377,0.0225165562913907,0.0105960264900662,4.89378754277621,1.3254007928352236
2009-01-25,1,2009,4,0.147058823529412,0.0315904139433551,0.0119825708061002,5.285467061735615,0.9060800677261045
2009-02-01,2,2009,5,0.188235294117647,0.0329411764705882,0.0211764705882353,9.153464421419812,0.8442515728494009
2009-02-08,2,2009,6,0.244135534317984,0.0477845351867941,0.00608166811468288,14.594141977537697,1.0211644532387902
2009-02-15,2,2009,7,0.20900900900900896,0.0468468468468468,0.009009009009009009,13.070160670014106,0.9780392338105789
2009-02-22,2,2009,8,0.21651560926485397,0.040281973816717,0.00201409869083585,14.313384998065406,1.392352626270952
2009-03-01,3,2009,9,0.19074492099322798,0.0304740406320542,0.0056433408577878106,10.402563826135504,1.2938512221561593
2009-03-08,3,2009,10,0.145411203814064,0.0274135876042908,0.0119189511323004,7.5322689823562685,0.5345481213285106
2009-03-15,3,2009,11,0.0871121718377088,0.0286396181384248,0.0143198090692124,5.10417077053124,0.8897178407348042
2009-03-22,3,2009,12,0.0423529411764706,0.0305882352941176,0.0141176470588235,2.868024562934128,0.5425992416361862
2009-03-29,3,2009,13,0.0455696202531646,0.0240506329113924,0.0151898734177215,2.9640072197907243,0.6193447921950775
2009-04-05,4,2009,14,0.0246238030095759,0.0205198358413133,0.009575923392612859,2.152549529336766,0.4843236441007739
2009-04-12,4,2009,15,0.0160493827160494,0.0123456790123457,0.009876543209876541,1.4585106309373073,1.082120790695422
2009-04-19,4,2009,16,0.015695067264574,0.0112107623318386,0.0100896860986547,1.3549886909551245,0.5337834237095928
2009-04-26,4,2009,17,0.0154639175257732,0.0128865979381443,0.0038659793814433,1.1808436357662135,0.8029736723210273
2009-05-03,5,2009,18,0.0151338766006985,0.0186263096623981,0.00349243306169965,1.585347080347599,0.59450515513035
2009-05-10,5,2009,19,0.00244100895036615,0.015459723352318997,0.0105777054515867,1.0869950649115157,0.496912029673834
2009-05-17,5,2009,20,0.0096061479346782,0.0163304514889529,0.00288184438040346,1.103664115593048,0.9197200963275413
2009-05-24,5,2009,21,0.0106820049301561,0.0172555464256368,0.00986031224322103,1.513014918446699,0.8222907165471215
2009-05-31,5,2009,22,0.0373626373626373,0.0234432234432234,0.0043956043956044,2.452643569962,0.4409246867347415
2009-06-07,6,2009,23,0.0175320296695886,0.0161834120026972,0.00944032366824005,1.792209291980675,0.4200490528079729
2009-06-14,6,2009,24,0.0469722693831353,0.0254668930390492,0.0028296547821165803,3.008613229875242,0.4750441941908259
2009-06-21,6,2009,25,0.0805700191833379,0.0331597697999452,0.00356261989586188,4.814925812398363,0.39374393325687557
2009-06-28,6,2009,26,0.124962897002078,0.0468981893737014,0.00326506381715643,6.941878206032209,0.28238148634707266
2009-07-05,7,2009,27,0.12807657247037402,0.105287146763902,0.0027347310847766603,9.886869778854795,0.3626458026993063
2009-07-12,7,2009,28,0.146792316056542,0.150054367524465,0.00434940195723088,14.245760802484222,0.2914295230351774
2009-07-19,7,2009,29,0.175531914893617,0.176063829787234,0.00425531914893617,16.35839273272951,0.1956160565946728
2009-07-26,7,2009,30,0.20225832012678302,0.17333597464342299,0.00515055467511886,18.79954704979755,0.10759366157532425
2009-08-02,8,2009,31,0.21754385964912304,0.14465709728867598,0.00382775119617225,18.69196393899542,0.21176081150931655
2009-08-09,8,2009,32,0.242157028997795,0.120569781244701,0.00423944378497541,20.38262508914694,0.22605499174654636
2009-08-16,8,2009,33,0.24652338811630897,0.122418879056047,0.00463548251158871,17.254970657791038,0.14598113923681066
2009-08-23,8,2009,34,0.3251295336787561,0.117135455218357,0.00370096225018505,27.857731875034943,0.26586217142149565
2009-08-30,8,2009,35,0.343256489381013,0.0811399528045017,0.0043565075331276105,28.811204731274437,0.15857140622631954
2009-09-06,9,2009,36,0.334667429007052,0.0794739851343625,0.00781398894606442,32.8484703524951,0.2670607345731303
2009-09-13,9,2009,37,0.43987229514012105,0.0429230223483505,0.00248315005321036,44.96071559919103,0.2629281613987775
2009-09-20,9,2009,38,0.5292429135270901,0.0184786508790814,0.00376749192680301,62.429164721687684,0.5077192966955727
2009-09-27,9,2009,39,0.5841876629018249,0.012858384013901,0.00191138140747176,71.03949137149661,0.35035432356119517
2009-10-04,10,2009,40,0.48532403371113003,0.010171461784365,0.004068584713746,57.541412380121784,0.6025278783258836
2009-10-11,10,2009,41,0.348917153661051,0.0116878652457889,0.00446888965280165,29.373203779142585,0.47019252753806545
2009-10-18,10,2009,42,0.23591022443890303,0.0029925187032419,0.00798004987531172,15.496059168900995,0.469577550572757
2009-10-25,10,2009,43,0.157357357357357,0.000600600600600601,0.0036036036036036,8.998365454061643,0.46831641768350657
2009-11-01,11,2009,44,0.135603000577034,0.0005770340450086549,0.0005770340450086549,6.319913502287601,0.3466619220664085
2009-11-08,11,2009,45,0.0764925373134328,0.0,0.000621890547263682,3.2913347898148855,0.3185162699820859
2009-11-15,11,2009,46,0.0528735632183908,0.000919540229885057,0.0,2.374833495247727,0.20297722181604516
2009-11-22,11,2009,47,0.0788888888888889,0.000555555555555556,0.00222222222222222,3.6623889437314934,0.22422789451417302
2009-11-29,11,2009,48,0.130396475770925,0.0013215859030837,0.000440528634361233,6.629142772289823,0.3093599960401921
2009-12-06,12,2009,49,0.130791307913079,0.0,0.000410004100041,5.802596033247679,0.38079536468187936
2009-12-13,12,2009,50,0.11226252158894601,0.0021588946459412802,0.0008635578583765111,4.4904675601309805,0.5550016085555153
2009-12-20,12,2009,51,0.114958448753463,0.0,0.00184672206832872,5.698204705474243,0.698198995532417
2009-12-27,12,2009,52,0.111059044048735,0.000937207122774133,0.000468603561387067,4.5381657383143,0.43490754992178493
2010-01-03,1,2010,1,0.125,0.000595238095238095,0.00416666666666667,3.686020719542532,0.20358454087854988
2010-01-10,1,2010,2,0.11803640375068901,0.0,0.00717043574186431,5.048662882764248,0.5520353302611372
2010-01-17,1,2010,3,0.10750399148483199,0.0,0.006386375731772221,5.61576074068644,0.5711406793788043
2010-01-24,1,2010,4,0.09316770186335399,0.0,0.0111801242236025,4.484100312629101,0.4802688599875509
2010-01-31,1,2010,5,0.06886045094454599,0.0,0.0255941499085923,3.4929686955282593,0.8268908782088874
2010-02-07,2,2010,6,0.0616740088105727,0.0,0.0327249842668345,4.988022522033098,1.1269911540234454
2010-02-14,2,2010,7,0.0620214395099541,0.0,0.0191424196018377,4.3800225710231935,0.8490431679109158
2010-02-21,2,2010,8,0.0345199568500539,0.00107874865156419,0.0275080906148867,2.701234616378871,0.22942515707494035
2010-02-28,2,2010,9,0.055019305019305006,0.000482625482625483,0.0516409266409266,5.907316843788201,0.7137211289150781
2010-03-07,3,2010,10,0.0668859649122807,0.0010964912280701801,0.0630482456140351,6.696484304953099,0.36997748538698244
2010-03-14,3,2010,11,0.0581907090464548,0.0,0.0821515892420538,7.156459437119337,0.782785598465398
2010-03-21,3,2010,12,0.038177874186551004,0.000867678958785249,0.10108459869848199,8.282089444224173,0.5202205652098071
2010-03-28,3,2010,13,0.0217714002968827,0.00148441365660564,0.07422068283028199,5.852293790437892,0.5730307905137799
2010-04-04,4,2010,14,0.0247619047619048,0.0,0.0590476190476191,4.452849476105298,0.6835207069951567
2010-04-11,4,2010,15,0.0211081794195251,0.0,0.0547493403693931,3.7928759894459096,0.2857142857142855
2010-04-18,4,2010,16,0.0165605095541401,0.0006369426751592361,0.0515923566878981,3.5444699704627514,1.0196456049594207
2010-04-25,4,2010,17,0.0166288737717309,0.0,0.0770975056689342,4.527717248643282,0.7384635200273371
2010-05-02,5,2010,18,0.0130641330166271,0.00296912114014252,0.0576009501187648,3.69036796854163,0.9849259450334463
2010-05-09,5,2010,19,0.0273871206513694,0.0,0.0592153960029608,4.124477978216075,0.8767142853080129
2010-05-16,5,2010,20,0.0121951219512195,0.0,0.0544715447154472,3.2649962034927875,1.015024726474443
2010-05-23,5,2010,21,0.0159716060337178,0.0035492457852706297,0.0629991126885537,4.484310494818381,1.104514801918942
2010-05-30,5,2010,22,0.0114678899082569,0.00344036697247706,0.0401376146788991,2.5226953268305725,1.5859180470802638
2010-06-06,6,2010,23,0.009478672985781991,0.00355450236966825,0.0367298578199052,2.10508370554741,2.037489274635338
2010-06-13,6,2010,24,0.0111731843575419,0.00446927374301676,0.0379888268156425,2.8675121314684175,1.773791815131284
2010-06-20,6,2010,25,0.0124434389140271,0.0135746606334842,0.0260180995475113,2.117505078388727,1.773211199478498
2010-06-27,6,2010,26,0.0163934426229508,0.0109289617486339,0.0396174863387978,2.973779266170424,2.412196608554902
2010-07-04,7,2010,27,0.0298850574712644,0.0333333333333333,0.0402298850574713,4.5889101338432186,2.605815545037564
2010-07-11,7,2010,28,0.0546265328874025,0.0367892976588629,0.0412486064659978,6.345862059250852,2.0892983111332386
2010-07-18,7,2010,29,0.0554962646744931,0.0522945570971185,0.0266808964781217,5.387664917609917,1.6973084625685142
2010-07-25,7,2010,30,0.0536480686695279,0.0858369098712446,0.0300429184549356,8.733617840992718,2.034300674309291
2010-08-01,8,2010,31,0.0656862745098039,0.147058823529412,0.0205882352941176,12.46563881917056,1.6050178737129455
2010-08-08,8,2010,32,0.0524017467248908,0.19388646288209602,0.0192139737991266,12.40235112796724,1.5570934256055353
2010-08-15,8,2010,33,0.0549717057396928,0.219078415521423,0.0274858528698464,12.508553207550948,1.4854099137814734
2010-08-22,8,2010,34,0.0267306374228924,0.273474982864976,0.0150788211103496,11.911828457428793,0.7635653280811139
2010-08-29,8,2010,35,0.0261888352860096,0.28118538938663,0.009648518263266709,17.597287769613434,1.369627684139715
2010-09-05,9,2010,36,0.0168236877523553,0.306191117092867,0.007402422611036341,16.812239136997082,0.7013349135599315
2010-09-12,9,2010,37,0.007692307692307691,0.33333333333333304,0.00576923076923077,20.658577761444263,1.0422749282946175
2010-09-19,9,2010,38,0.0102564102564103,0.259615384615385,0.009615384615384621,16.163492132049154,1.2233835788018863
2010-09-26,9,2010,39,0.0146137787056367,0.26513569937369497,0.00974251913709116,17.602635820883563,1.7150201209363085
2010-10-03,10,2010,40,0.00776287932251235,0.20324629498941396,0.0063514467184192,11.00483144237553,1.0569805976904092
2010-10-10,10,2010,41,0.0237906423473434,0.134813639968279,0.007137192704203009,7.623124221980099,0.8763865650044295
2010-10-17,10,2010,42,0.0173775671406003,0.0821484992101106,0.00552922590837283,5.314658932824037,1.283785172804537
2010-10-24,10,2010,43,0.0069721115537848604,0.0637450199203187,0.0099601593625498,4.030917964373329,1.5786248654187676
2010-10-31,10,2010,44,0.0072007200720072,0.0477047704770477,0.0135013501350135,3.225812464948902,2.4423573826408593
2010-11-07,11,2010,45,0.00794351279788173,0.0167696381288614,0.00529567519858782,1.2698812976205478,1.9806302358927375
2010-11-14,11,2010,46,0.0109976433621367,0.028279654359780002,0.00549882168106834,1.2918129114009214,1.3750453408204
2010-11-21,11,2010,47,0.0136327185244587,0.0152365677626303,0.00801924619085806,1.4776030708446428,2.2655335583987752
2010-11-28,11,2010,48,0.00654664484451719,0.0155482815057283,0.00981996726677578,1.1466169751234583,2.074392859565775
2010-12-05,12,2010,49,0.00667779632721202,0.009181969949916529,0.00333889816360601,0.729736750551875,2.4883644123280346
2010-12-12,12,2010,50,0.0108877721943049,0.0033500837520938,0.00586264656616415,0.799739802965515,2.723320973453933
2010-12-19,12,2010,51,0.0185933710590137,0.0121261115602264,0.009700889248181079,1.720139887606641,3.0295495558191
2010-12-26,12,2010,52,0.0419921875,0.005859375,0.0087890625,2.6195142387979105,2.916202175469943
2011-01-02,1,2011,1,0.0660828025477707,0.0111464968152866,0.00796178343949045,3.7223130774086184,3.2002217060810816
2011-01-09,1,2011,2,0.142067876874507,0.0118389897395422,0.0110497237569061,7.788562435370458,4.3231055132327505
2011-01-16,1,2011,3,0.24535092981403697,0.0107978404319136,0.0131973605278944,13.409961309408594,3.8509354986400464
2011-01-23,1,2011,4,0.287179487179487,0.0102564102564103,0.0172494172494173,20.702981229297006,2.762605373662111
2011-01-30,1,2011,5,0.305524239007892,0.0129650507328072,0.0157835400225479,23.836777270765673,1.7952003486128134
2011-02-06,2,2011,6,0.311406578026592,0.00874737578726382,0.019594121763471,16.126261419087097,1.551854744683507
2011-02-13,2,2011,7,0.253941441441441,0.0045045045045045,0.0135135135135135,13.314320067193611,1.9185389551291272
2011-02-20,2,2011,8,0.165938864628821,0.0056144728633811605,0.024329382407985,12.517586390672216,2.842553200055155
2011-02-27,2,2011,9,0.11279143037177099,0.00378071833648393,0.0289855072463768,8.831705549186012,2.7252635153032556
2011-03-06,3,2011,10,0.0616808018504241,0.0046260601387818,0.0354664610639938,4.275301741646241,1.3499760569049364
2011-03-13,3,2011,11,0.0186335403726708,0.0,0.0354924578527063,2.2293625197488205,1.714859565287784
2011-03-20,3,2011,12,0.0133689839572193,0.0,0.0401069518716578,1.9011251945258483,1.9557804352557817
2011-03-27,3,2011,13,0.00753768844221105,0.0,0.0477386934673367,2.443227966375901,2.2060713382995485
2011-04-03,4,2011,14,0.0043859649122807,0.00087719298245614,0.0342105263157895,1.8827212726349654,1.5179505961389654
2011-04-10,4,2011,15,0.0040816326530612205,0.0,0.0375510204081633,1.8942753630542246,1.7561307545342741
2011-04-17,4,2011,16,0.00496031746031746,0.00694444444444444,0.0466269841269841,2.817284631338441,2.986185278970257
2011-04-24,4,2011,17,0.000881834215167548,0.000881834215167548,0.0185185185185185,0.9410457594305537,3.3601470866623595
2011-05-01,5,2011,18,0.0,0.00106496272630458,0.0234291799787007,0.9065017702554634,2.2518655086504786
2011-05-08,5,2011,19,0.0,0.0,0.0238095238095238,0.9405608769919354,3.07109653765418
2011-05-15,5,2011,20,0.0,0.0020242914979757103,0.0182186234817814,0.8553787283663087,3.1859463271611768
2011-05-22,5,2011,21,0.0,0.0,0.0140318054256314,0.6226045675972591,3.4580600386392257
2011-05-29,5,2011,22,0.0,0.000925925925925926,0.0148148148148148,0.6395413404408902,2.6605032376234723
2011-06-05,6,2011,23,0.0,0.0,0.0166340508806262,0.7602876608486895,4.18978131532401
2011-06-12,6,2011,24,0.0,0.0,0.0122199592668024,0.5407981973393406,3.8539367947703718
2011-06-19,6,2011,25,0.003613369467028,0.000903342366757001,0.016260162601626,0.8050732861476172,4.1037136849199864
2011-06-26,6,2011,26,0.00208550573514077,0.00417101147028154,0.0208550573514077,1.1188786557776493,4.51092906461617
2011-07-03,7,2011,27,0.00196463654223969,0.0058939096267190605,0.00982318271119843,0.5871599576514692,5.0901482460150556
2011-07-10,7,2011,28,0.0049850448654037895,0.0119641076769691,0.0149551345962114,1.2919083110608192,6.563247972096325
2011-07-17,7,2011,29,0.00105374077976818,0.0158061116965227,0.0305584826132771,1.7760619597899032,3.883686965402117
2011-07-24,7,2011,30,0.0,0.021978021978022,0.025974025974026,1.737393041740869,4.619660664925687
2011-07-31,7,2011,31,0.0021505376344086,0.021505376344086002,0.0204301075268817,1.396010813976449,4.017515100479002
2011-08-07,8,2011,32,0.00104493207941484,0.0114942528735632,0.0229885057471264,1.174047250147131,3.3045977011494303
2011-08-14,8,2011,33,0.000999000999000999,0.018981018981018997,0.024975024975025004,1.387287299955099,2.2894669846768543
2011-08-21,8,2011,34,0.0009680542110358179,0.0232333010648596,0.010648596321394001,1.113021875002146,1.9462439618578713
2011-08-28,8,2011,35,0.0009354536950420949,0.0420954162768943,0.0205799812909261,2.4117858298715666,1.9819877685662275
2011-09-04,9,2011,36,0.000977517106549365,0.0488758553274682,0.00782013685239492,2.171587970552215,1.620246812611917
2011-09-11,9,2011,37,0.000896057347670251,0.0537634408602151,0.0152329749103943,2.999727052671655,1.88794010308006
2011-09-18,9,2011,38,0.0,0.0692599620493359,0.0142314990512334,3.305034275423104,1.5252399339231617
2011-09-25,9,2011,39,0.0010482180293501,0.039832285115304004,0.010482180293501,2.170663229400476,1.0024071180962977
2011-10-02,10,2011,40,0.0,0.0855614973262032,0.0089126559714795,3.7833255193369975,0.9234959764182036
2011-10-09,10,2011,41,0.0,0.0824524312896406,0.0042283298097251605,3.1215588720393317,1.0912766788430182
2011-10-16,10,2011,42,0.0,0.0580448065173116,0.0132382892057026,2.737018513378785,1.5829407282600547
2011-10-23,10,2011,43,0.0,0.0671273445212241,0.000987166831194472,2.5260081469864204,1.1329346732034191
2011-10-30,10,2011,44,0.0,0.0488038277511962,0.0057416267942583706,2.0944845240865755,0.9476525898713526
2011-11-06,11,2011,45,0.0,0.0621707060063224,0.00842992623814542,2.5107760832071517,0.9869180687844613
2011-11-13,11,2011,46,0.0,0.0474860335195531,0.0148975791433892,2.0814042011352876,0.8789409559234763
2011-11-20,11,2011,47,0.0,0.044806517311609007,0.00916496945010183,1.896215901502554,1.046812980724785
2011-11-27,11,2011,48,0.0,0.0662251655629139,0.0141911069063387,3.0436254059930485,0.925011253135638
2011-12-04,12,2011,49,0.0,0.0408773678963111,0.0219341974077767,2.386153640987869,1.2219761148648938
2011-12-11,12,2011,50,0.000928505106778087,0.0389972144846797,0.0380687093779016,3.0906488517876616,1.224748293389292
2011-12-18,12,2011,51,0.0,0.034257748776509,0.0619902120717781,4.157682519265632,1.5241498922583698
2011-12-25,12,2011,52,0.000832639467110741,0.0374687760199834,0.0582847626977519,3.1929315102428424,0.9167756461246009
2012-01-01,1,2011,53,0.00130363117987303,0.0355933054900272,0.0637475277552646,3.7869560275285785,0.8459040922126408
2012-01-08,1,2012,1,0.0017746228926353198,0.033717834960071,0.0692102928127773,3.2387767700783425,1.1802322128251594
2012-01-15,1,2012,2,0.0018331805682859801,0.0403299725022915,0.0971585701191567,5.677588900645721,1.382044666604552
2012-01-22,1,2012,3,0.0025020850708924102,0.0508757297748123,0.15763135946622198,6.609790965969566,0.62701574380739
2012-01-29,1,2012,4,0.00351802990325418,0.0562884784520668,0.14072119613016698,8.365424189539713,0.6237377685183143
2012-02-05,2,2012,5,0.00205338809034908,0.0739219712525667,0.201916495550992,13.54604835445164,1.1677627891768683
2012-02-12,2,2012,6,0.00639795265515035,0.0492642354446577,0.213051823416507,12.837585783624174,0.6113136087440075
2012-02-19,2,2012,7,0.00869565217391304,0.0481159420289855,0.23536231884057998,17.00563716264326,0.8435335894168273
2012-02-26,2,2012,8,0.0023909145248057397,0.0418410041841004,0.207411835026898,14.27959989673766,0.8479572385236153
2012-03-04,3,2012,9,0.0,0.0521472392638037,0.17484662576687102,11.399759764010806,0.6470133920114253
2012-03-11,3,2012,10,0.00103950103950104,0.0498960498960499,0.172557172557173,11.257444413863425,0.602142375625254
2012-03-18,3,2012,11,0.00259605399792316,0.09865005192107999,0.13239875389408098,12.69489262519519,0.5924283225091109
2012-03-25,3,2012,12,0.0,0.11846522781774602,0.12470023980815301,12.729060623541029,0.47702594052717895
2012-04-01,4,2012,13,0.0018735362997658101,0.12318501170960199,0.0810304449648712,9.51148566168123,0.3242551930118599
2012-04-08,4,2012,14,0.0015991471215351801,0.11940298507462699,0.0597014925373134,8.421264617604166,0.5465127480451081
2012-04-15,4,2012,15,0.000672947510094213,0.130551816958277,0.0336473755047106,6.913568169797758,0.6208102030022496
2012-04-22,4,2012,16,0.000642260757867694,0.16955684007707097,0.0211946050096339,7.774717058571786,0.33916550926655514
2012-04-29,4,2012,17,0.0027008777852802197,0.203916272788656,0.024983119513842002,13.084761021908365,0.49592388712772284
2012-05-06,5,2012,18,0.00205867215645908,0.20792588780236698,0.0174987133299022,11.223199432933631,0.7109719097786034
2012-05-13,5,2012,19,0.00283419933868682,0.284837033538026,0.008502598016060459,16.638241801954145,0.6368704995963308
2012-05-20,5,2012,20,0.00207125103562552,0.362468931234466,0.00745650372825186,21.806559326326592,0.38853557819735557
2012-05-27,5,2012,21,0.0011148272017837198,0.39167595689334794,0.0037160906726124102,26.484839527823883,0.5460791655221424
2012-06-03,6,2012,22,0.00205676676264912,0.37227478403949,0.00123406005758947,20.011834461104105,0.5260504129972597
2012-06-10,6,2012,23,0.0008019246190858059,0.286287089013633,0.00120288692862871,14.651845924881647,0.6928550228734014
2012-06-17,6,2012,24,0.0,0.222172149616945,0.004506534474988729,10.069380050996122,0.5204848535306132
2012-06-24,6,2012,25,0.00112739571589628,0.21138669673055202,0.00056369785794814,9.205243779420064,0.9253948772961982
2012-07-01,7,2012,26,0.00151745068285281,0.13859382903389,0.0030349013657056103,4.699763433838398,0.48160119993396916
2012-07-08,7,2012,27,0.00131578947368421,0.10986842105263199,0.000657894736842105,3.9516284376481887,0.6276115753911792
2012-07-15,7,2012,28,0.00145348837209302,0.0988372093023256,0.0,4.033101073099731,0.78908499256299
2012-07-22,7,2012,29,0.00220588235294118,0.0588235294117647,0.0,1.8202500512400057,0.8333674933387968
2012-07-29,7,2012,30,0.00239043824701195,0.051792828685259,0.00398406374501992,2.130900066197503,1.1968068864944856
2012-08-05,8,2012,31,0.00148367952522255,0.0526706231454006,0.000741839762611276,1.355243016145899,0.7691919821368619
2012-08-12,8,2012,32,0.0,0.0366132723112128,0.0,0.7157631296245782,0.4771754197497188
2012-08-19,8,2012,33,0.0,0.0360655737704918,0.0,0.9751726319118642,0.22163014361633276
2012-08-26,8,2012,34,0.0007739938080495361,0.031733746130031,0.0,1.1063896637341757,0.47416699874321616
2012-09-02,9,2012,35,0.0,0.0240963855421687,0.0008032128514056231,0.7290010416832852,0.2586777889843913
2012-09-09,9,2012,36,0.00169923534409516,0.0203908241291419,0.000849617672047579,0.44786827143581853,0.1161139962981751
2012-09-16,9,2012,37,0.000829875518672199,0.012448132780083,0.000829875518672199,0.5211133730595762,0.36784473392440636
2012-09-23,9,2012,38,0.0,0.0305514157973174,0.000745156482861401,1.0390746188368094,0.2473987187706692
2012-09-30,9,2012,39,0.000808407437348424,0.009700889248181079,0.0,0.40420371867421206,0.217648156209191
2012-10-07,10,2012,40,0.00257510729613734,0.0068669527896995704,0.000858369098712446,0.3858312436337181,0.2572208290891454
2012-10-14,10,2012,41,0.00351802990325418,0.00879507475813544,0.000879507475813544,0.4417015788511227,0.7067225261617975
2012-10-21,10,2012,42,0.00168776371308017,0.00506329113924051,0.00253164556962025,0.3019866688853445,0.7412400054458461
2012-10-28,10,2012,43,0.000921658986175115,0.00645161290322581,0.000921658986175115,0.3176841853720021,0.31768418537200216
2012-11-04,11,2012,44,0.00288461538461538,0.0009615384615384619,0.0009615384615384619,0.16684631502599023,0.23358484103638646
2012-11-11,11,2012,45,0.0023696682464455,0.004739336492891,0.0,0.22555431545613222,0.37592385909355364
2012-11-18,11,2012,46,0.0016736401673640199,0.0033472803347280302,0.0025104602510460303,0.24229899930619747,0.4307537765443497
2012-11-25,11,2012,47,0.00153256704980843,0.00613026819923372,0.0,0.25667289673082083,0.6673495315001345
2012-12-02,12,2012,48,0.000829875518672199,0.00829875518672199,0.0033195020746888,0.4080783231352507,0.8161566462705021
2012-12-09,12,2012,49,0.0063341250989707,0.0213776722090261,0.00237529691211401,1.0745390792896712,0.791765637371339
2012-12-16,12,2012,50,0.00643316654753395,0.0200142959256612,0.00214438884917798,1.104574085274585,0.5799013947691574
2012-12-23,12,2012,51,0.0237099023709902,0.0111576011157601,0.00278940027894003,1.5494274404363542,0.5738620149764265
2012-12-30,12,2012,52,0.0128398791540786,0.0188821752265861,0.000755287009063444,1.1800908135491202,0.4391035585299043
2013-01-06,1,2013,1,0.0138662316476346,0.0228384991843393,0.000815660685154976,1.283294743280126,0.8927267779340001
2013-01-13,1,2013,2,0.020891364902507,0.0278551532033426,0.0041782729805013895,1.768571104726892,0.5584961383348088
2013-01-20,1,2013,3,0.0267005721551176,0.0184361093452003,0.00254291163382072,1.7413104420223822,0.6733067042486557
2013-01-27,1,2013,4,0.0287141073657928,0.0230961298377029,0.00561797752808989,2.5067309512923925,0.6539298133806234
2013-02-03,2,2013,5,0.039002557544757004,0.0236572890025575,0.0038363171355498705,2.664907499241921,0.7174750959497473
2013-02-10,2,2013,6,0.0488835244417622,0.0150875075437538,0.0012070006035003,1.5404655867054866,0.5277520991491023
2013-02-17,2,2013,7,0.0558620689655172,0.02,0.00137931034482759,1.58376172870421,0.0
2013-02-24,2,2013,8,0.0701330108827086,0.0133010882708585,0.0030229746070133,3.7707869160945484,1.6085174956766968
2013-03-03,3,2013,9,0.0713877784123358,0.0165619645916619,0.00285551113649343,4.324059720975767,0.43512550651328463
2013-03-10,3,2013,10,0.0784660766961652,0.0200589970501475,0.00353982300884956,4.852685331328943,0.5890542887740358
2013-03-17,3,2013,11,0.0804988662131519,0.0147392290249433,0.005102040816326529,4.093309121678232,0.4393947644739328
2013-03-24,3,2013,12,0.0597986974541149,0.0213143872113677,0.00532859680284192,4.111011256656549,1.7176142921647228
2013-03-31,3,2013,13,0.0660440293529019,0.0173448965977318,0.00466977985323549,4.729589841503532,0.5732836171519424
2013-04-07,4,2013,14,0.0567741935483871,0.0219354838709677,0.0038709677419354795,4.056023829139991,0.7288167817985947
2013-04-14,4,2013,15,0.0557118739448509,0.00900393922341024,0.00731570061902082,2.6335632511160405,0.28804598059081676
2013-04-21,4,2013,16,0.0506192784060312,0.0145395799676898,0.00269251480883145,3.510147116460027,0.3342997253771458
2013-04-28,4,2013,17,0.041046995835812006,0.004759071980963711,0.00237953599048186,1.5080309339678761,0.29788265362328414
2013-05-05,5,2013,18,0.0249258160237389,0.00949554896142433,0.0059347181008902105,1.3243625467187292,0.25318695746093334
2013-05-12,5,2013,19,0.0191713048855906,0.00989486703772418,0.000618429189857761,1.3208975182253715,0.6054113625199598
2013-05-19,5,2013,20,0.0202702702702703,0.008108108108108109,0.00540540540540541,1.4493209538104814,0.5507419624479807
2013-05-26,5,2013,21,0.0243445692883895,0.00561797752808989,0.0031210986267166,1.3557148227993283,0.3836928743771684
2013-06-02,6,2013,22,0.0132075471698113,0.00566037735849057,0.00440251572327044,0.9944023326985266,0.5643905131532174
2013-06-09,6,2013,23,0.0129366106080207,0.0135834411384217,0.00323415265200517,1.2381407368934958,0.9958958101099874
2013-06-16,6,2013,24,0.0147152911068458,0.0121561100447857,0.00447856685860525,1.2370888725118252,0.5301809453622087
2013-06-23,6,2013,25,0.0231809401159047,0.0186735350933677,0.00321957501609787,1.8124792747043794,0.7767768320161643
2013-06-30,6,2013,26,0.0183246073298429,0.0163612565445026,0.00654450261780105,1.7217242814049412,1.0658293170602038
2013-07-07,7,2013,27,0.0229120473022912,0.0273466371027347,0.0029563932002956398,2.608001130133827,0.9055559479631317
2013-07-14,7,2013,28,0.0166089965397924,0.0394463667820069,0.0041522491349481,2.105021744552392,0.7258695670870324
2013-07-21,7,2013,29,0.014367816091953999,0.0531609195402299,0.0021551724137931,2.7149574563367684,0.97962382445141
2013-07-28,7,2013,30,0.0115803814713896,0.0592643051771117,0.0006811989100817441,2.4939290641068044,0.7125511611733727
2013-08-04,8,2013,31,0.0190234622701332,0.0710209258084971,0.00126823081800888,3.2846265790157947,0.7299170175590641
2013-08-11,8,2013,32,0.0113704368641532,0.0801915020945542,0.0023937761819269898,3.5421108730920197,0.406101883539214
2013-08-18,8,2013,33,0.0127041742286751,0.0895341802782819,0.00362976406533575,3.82859055534658,0.3719202253765251
2013-08-25,8,2013,34,0.00858085808580858,0.0732673267326733,0.0033003300330033,3.4521504824065783,0.40141284679146233
2013-09-01,9,2013,35,0.00919238345370978,0.0636900853578464,0.0032829940906106397,3.0948555753997997,0.613635157191338
2013-09-08,9,2013,36,0.00569259962049336,0.0872865275142315,0.00885515496521189,3.8565869263739803,0.5748949455464335
2013-09-15,9,2013,37,0.0113095238095238,0.125,0.00833333333333333,4.371017621053938,0.39572999038348433
2013-09-22,9,2013,38,0.00362756952841596,0.12091898428053201,0.00967351874244256,5.815130241634982,0.39291420551587714
2013-09-29,9,2013,39,0.00405797101449275,0.0805797101449275,0.0179710144927536,3.0519120635507115,0.3103639386661757
2013-10-06,10,2013,40,0.0,0.0770210057288351,0.0133672819859962,4.485561094462602,0.5370037929990428
2013-10-13,10,2013,41,0.00539811066126856,0.0681511470985155,0.0134952766531714,3.5869607843788933,0.6117297461731436
2013-10-20,10,2013,42,0.00148478099480327,0.0334075723830735,0.0066815144766147,1.7046579533966832,0.6696870531201241
2013-10-27,10,2013,43,0.0,0.0215362526920316,0.0035893754486719296,0.9678397053692189,0.8572294533270232
2013-11-03,11,2013,44,0.0019672131147541,0.0183606557377049,0.009180327868852459,1.3058162706272602,1.0736711558490806
2013-11-10,11,2013,45,0.00067842605156038,0.0149253731343284,0.0122116689280868,0.9890120748793261,0.8684008462355065
2013-11-17,11,2013,46,0.0030627871362940303,0.0214395099540582,0.0038284839203675297,0.9591385458755327,1.1405971896898224
2013-11-24,11,2013,47,0.000691562932226833,0.0172890733056708,0.0055325034578146606,0.7876818002127416,0.9266844708385199
2013-12-01,12,2013,48,0.00557966522008679,0.00867947923124613,0.00557966522008679,0.7461954178203177,0.8627884518547408
2013-12-08,12,2013,49,0.0041279669762641896,0.00980392156862745,0.0108359133126935,0.829864040608015,1.1583518900153544
2013-12-15,12,2013,50,0.00684618895481515,0.0100410771337289,0.0191693290734824,1.3644994150398484,0.7599743577437142
2013-12-22,12,2013,51,0.0142781597038604,0.0200951877313591,0.0280274986779482,2.2739451969572184,0.9828068224137136
2013-12-29,12,2013,52,0.0234252993232691,0.0380010411244144,0.0213430504945341,2.7780789911379977,0.5241658473845294
2014-01-05,1,2014,1,0.0429759704251386,0.0512939001848429,0.0295748613678373,5.568273982421055,0.8103085272926177
2014-01-12,1,2014,2,0.0953565505804312,0.0580431177446103,0.0451907131011609,8.69042443067526,0.5987140004431807
2014-01-19,1,2014,3,0.107932379713914,0.0624187256176853,0.0450801907238838,11.404449064019168,0.6425041726207973
2014-01-26,1,2014,4,0.117806102742372,0.0652761684047895,0.0490536886828891,11.754878933916798,0.3911773355712738
2014-02-02,2,2014,5,0.11995515695067299,0.0639013452914798,0.0668908819133034,12.122792574904611,0.3071348342375235
2014-02-09,2,2014,6,0.129520052596976,0.0581854043392505,0.0664036817882972,15.128760119682475,0.528430172356308
2014-02-16,2,2014,7,0.15649149922720199,0.0649149922720247,0.0699381761978362,10.345062104771701,0.5762501437671254
2014-02-23,2,2014,8,0.149704758596735,0.0715526224383466,0.0927405349079542,14.819527808526459,0.7540910168055508
2014-03-02,3,2014,9,0.142609299097849,0.0617626648160999,0.10097154753643302,14.634101585437477,0.5986677921315324
2014-03-09,3,2014,10,0.0910174880763116,0.0520667726550079,0.115659777424483,9.69883312835588,0.47674755776864713
2014-03-16,3,2014,11,0.0501438553226469,0.032059186189889,0.118372379778052,11.086949983851433,0.6361364744832764
2014-03-23,3,2014,12,0.0430865648256953,0.0235017626321974,0.11711711711711699,9.447296482331703,0.7050221255471428
2014-03-30,3,2014,13,0.0240821160679037,0.0209238057639163,0.117252270035531,7.754626229595124,0.8679143711955631
2014-04-06,4,2014,14,0.0210430009149131,0.0182982616651418,0.0864592863677951,5.684694762757558,0.8268646927647351
2014-04-13,4,2014,15,0.0148902821316614,0.0207680250783699,0.0768025078369906,4.916643481118151,0.8394269358006582
2014-04-20,4,2014,16,0.0112602858380251,0.00909484625378952,0.0697271546123863,3.944226564365912,0.8912435025249884
2014-04-27,4,2014,17,0.00304745319982586,0.00827165868524162,0.064867218110579,3.8736441646097814,0.5091075187772837
2014-05-04,5,2014,18,0.0027359781121751,0.0113999088007296,0.0533515731874145,2.6191594207443405,1.221094594806484
2014-05-11,5,2014,19,0.00103466114847387,0.0150025866528712,0.0325918261769271,2.0337952827365258,0.8654448011644781
2014-05-18,5,2014,20,0.007295466388744141,0.00573215216258468,0.0302240750390829,1.442127076844773,0.6081258757779142
2014-05-25,5,2014,21,0.00304259634888438,0.0192697768762677,0.0309330628803245,2.2520274681577592,1.2010813163508074
2014-06-01,6,2014,22,0.00291120815138282,0.0388161086851043,0.0262008733624454,3.387572364647543,1.5486045095531655
2014-06-08,6,2014,23,0.0056285178236397705,0.0553470919324578,0.0375234521575985,5.569374028645309,1.4321247502230798
2014-06-15,6,2014,24,0.00549702244617499,0.0874942739349519,0.0293174530462666,5.67411724147702,1.5513504068457746
2014-06-22,6,2014,25,0.00244140625,0.0791015625,0.029296875,5.395854462474644,1.3073656186612574
2014-06-29,6,2014,26,0.0010958904109589,0.0783561643835616,0.0186301369863014,4.089326663394835,1.7590958272704043
2014-07-06,7,2014,27,0.00160685591858597,0.0915907873594001,0.00749866095340118,3.2482678784318435,1.4513537329163564
2014-07-13,7,2014,28,0.00102827763496144,0.0868894601542416,0.00874035989717224,3.8934084882427857,2.050252342212959
2014-07-20,7,2014,29,0.00155925155925156,0.0717255717255717,0.0171517671517672,3.6654597723300038,1.537807835517758
2014-07-27,7,2014,30,0.0,0.0596064814814815,0.0104166666666667,2.189357369980106,1.7551046684964482
2014-08-03,8,2014,31,0.0005851375073142191,0.056173200702165,0.0169689877121123,1.684754407851883,0.9760878712157746
2014-08-10,8,2014,32,0.000604960677555959,0.0459770114942529,0.0072595281306715095,0.8853429695028464,0.8157092528003745
2014-08-17,8,2014,33,0.0025823111684958,0.0277598450613299,0.00710135571336346,0.37401010794558964,0.38690700821957585
2014-08-24,8,2014,34,0.00135135135135135,0.025,0.007432432432432429,1.0313959907634391,1.0107680709481701
2014-08-31,8,2014,35,0.00122100122100122,0.0299145299145299,0.00549450549450549,1.1038202980554757,1.177408317925842
2014-09-07,9,2014,36,0.0005422993492407809,0.0178958785249458,0.00433839479392625,0.7577567513467756,0.9020913706509204
2014-09-14,9,2014,37,0.000541125541125541,0.0124458874458874,0.0102813852813853,1.052188552188552,1.3458225667528025
2014-09-21,9,2014,38,0.000513083632632119,0.0112878399179066,0.007696254489481791,0.8667892545935468,1.6879580221032235
2014-09-28,9,2014,39,0.00151285930408472,0.0045385779122541605,0.007060010085728691,0.32401531466549544,0.7352655217409322
2014-10-05,10,2014,40,0.00418410041841004,0.00836820083682008,0.00627615062761506,0.5536564740621582,1.0304162156156838
2014-10-12,10,2014,41,0.00107700592353258,0.00323101777059774,0.00269251480883145,0.19259459802205775,1.0963077118178655
2014-10-19,10,2014,42,0.00210748155953635,0.0047418335089568,0.00210748155953635,0.32300771958816077,1.5770376897539606
2014-10-26,10,2014,43,0.00222593210907067,0.00166944908180301,0.00222593210907067,0.23494224110044631,1.1319944343930588
2014-11-02,11,2014,44,0.0005096839959225281,0.00305810397553517,0.00101936799184506,0.19444154421388876,2.052438522257714
2014-11-09,11,2014,45,0.0,0.00203665987780041,0.000509164969450102,0.10524827942310758,2.210213867885257
2014-11-16,11,2014,46,0.0,0.00165562913907285,0.000551876379690949,0.06789825657419189,1.9690494406515628
2014-11-23,11,2014,47,0.0,0.00523311132254995,0.00333016175071361,0.3911039874377984,2.0424319343973893
2014-11-30,11,2014,48,0.0,0.007009345794392521,0.0009345794392523359,0.3928384079604948,2.8885177055918727
2014-12-07,12,2014,49,0.0,0.0141809290953545,0.00146699266503667,0.6080798611550972,2.2232919923483276
2014-12-14,12,2014,50,0.00046339202965709,0.0287303058387396,0.0046339202965709,1.235435338163784,2.0308526106801916
2014-12-21,12,2014,51,0.0,0.0324483775811209,0.00126422250316056,1.7123560025971492,2.9966230045450133
2014-12-28,12,2014,52,0.00801603206412826,0.0797595190380762,0.00240480961923848,2.941144672867072,1.1633861150451952
2015-01-04,1,2015,1,0.0,0.145650048875855,0.0065167807103291,6.003623064389963,1.722667003486633
2015-01-11,1,2015,2,0.000895255147717099,0.20829603103551197,0.00925096985974336,11.32512397046704,1.6245054875669933
2015-01-18,1,2015,3,0.000884433962264151,0.28125,0.0112028301886792,16.99173194277645,1.8784829283471476
2015-01-25,1,2015,4,0.0011587485515643099,0.34947856315179604,0.009269988412514479,24.971186892551746,1.6079321888314058
2015-02-01,2,2015,5,0.00289184499710815,0.3753614806246389,0.00771158665895508,23.57177118438184,0.9654771414182354
2015-02-08,2,2015,6,0.00144210960032962,0.33415739596209304,0.0100947672023074,24.55796396623705,1.28790275865844
2015-02-15,2,2015,7,0.00129032258064516,0.26,0.0113978494623656,18.718559802836097,1.3876534869610382
2015-02-22,2,2015,8,0.00148184736972092,0.23536675722400602,0.0138305754507286,5.323663659662426,0.49302894976184025
2015-03-01,3,2015,9,0.00233347475604582,0.205770046669495,0.0144251166737378,9.856195008186912,0.7986430654870259
2015-03-08,3,2015,10,0.00579010856453559,0.17008443908323298,0.0212303980699638,10.36317943586833,0.72301251878151
2015-03-15,3,2015,11,0.00473684210526316,0.151578947368421,0.0228947368421053,6.918597756220212,0.4470165951155516
2015-03-22,3,2015,12,0.004397752259956021,0.123870021988761,0.0222330808697777,5.242740882582924,0.39150337759547826
2015-03-29,3,2015,13,0.00384615384615385,0.11153846153846199,0.0296703296703297,5.8167396513261345,0.6279434850863437
2015-04-05,4,2015,14,0.00252981568485725,0.0711962414166968,0.030357788218287,4.320378745893107,0.570049973416451
2015-04-12,4,2015,15,0.00271336951159349,0.0698075974346325,0.0345337937839171,4.453126588849454,0.4001657533758724
2015-04-19,4,2015,16,0.0009160305343511449,0.043969465648855,0.0357251908396947,3.3346147509473334,0.4673513097918598
2015-04-26,4,2015,17,0.0016165535079211099,0.04946653734238599,0.0387972841901067,4.217181211219659,0.34890348150378503
2015-05-03,5,2015,18,0.00468384074941452,0.0371361659417866,0.0357979257276681,3.278045722964751,0.5086622673565987
2015-05-10,5,2015,19,0.0037212449255751,0.030446549391069003,0.027063599458727994,2.6514878772454713,0.49806954600191183
2015-05-17,5,2015,20,0.0031304347826087,0.0368695652173913,0.0271304347826087,2.8956627397115544,0.5251201859580555
2015-05-24,5,2015,21,0.00323043790380474,0.0477386934673367,0.0269203158650395,4.543551088777218,0.7956448911222754
2015-05-31,5,2015,22,0.00134998312521093,0.0624367195410057,0.0320620992237597,4.892128755940628,0.6201289972319102
2015-06-07,6,2015,23,0.0,0.117770452502248,0.0326640695235241,6.8853834088276,0.7955223858804751
2015-06-14,6,2015,24,0.000786369593709043,0.16566186107470499,0.0304062909567497,11.563385547450698,0.9392363760246257
2015-06-21,6,2015,25,0.0022988505747126397,0.224137931034483,0.0313218390804598,13.67199597964109,0.8230633031222029
2015-06-28,6,2015,26,0.0022026431718061698,0.215859030837004,0.022515907978462996,12.601454702778904,0.7050661329123515
2015-07-05,7,2015,27,0.0047058823529411795,0.23398692810457503,0.021437908496731998,12.167497605707474,0.5625174772487893
2015-07-12,7,2015,28,0.00263157894736842,0.18216374269005803,0.0152046783625731,8.102991291177561,0.7463281452400383
2015-07-19,7,2015,29,0.00156936597614564,0.12962962962963,0.0138104205900816,7.071370593878049,0.6581578691271769
2015-07-26,7,2015,30,0.00179018976011457,0.0873612602935911,0.0136054421768707,3.6287963664544676,0.36667280357902243
2015-08-02,8,2015,31,0.00107181136120043,0.0553769203286888,0.0103608431582708,2.100930026671696,0.42692695729157487
2015-08-09,8,2015,32,0.00241545893719807,0.0531400966183575,0.010351966873705999,2.3735283402731304,0.397659198370366
2015-08-16,8,2015,33,0.000693721817551162,0.0367672563302116,0.0159556018036767,1.599542828986458,0.37391910287995084
2015-08-23,8,2015,34,0.0007695267410542519,0.0380915736821855,0.0157752981916122,1.6457362351714073,0.3940495210973793
2015-08-30,8,2015,35,0.000724900326205147,0.0387821674519754,0.00869880391446176,2.1314394585750187,0.7852671689486904
2015-09-06,9,2015,36,0.0,0.0203918432626949,0.00519792083166733,0.9619173913168548,0.5260485733764071
2015-09-13,9,2015,37,0.0,0.0213563132259273,0.00299737729486699,0.990888994456525,0.5030667202625422
2015-09-20,9,2015,38,0.00102529049897471,0.0126452494873548,0.0044429254955570706,0.8914615679387832,0.555060976263769
2015-09-27,9,2015,39,0.00035310734463276804,0.00918079096045198,0.00247175141242938,0.4640284416005024,0.5868594996712219
2015-10-04,10,2015,40,0.000745990302126072,0.00895188362551287,0.0041029466616934,0.6656517644141935,0.6656517644141915
2015-10-11,10,2015,41,0.00221565731166913,0.00369276218611521,0.0040620384047267396,0.3953044983374435,0.6588408305624072
2015-10-18,10,2015,42,0.0,0.00727537286285922,0.00181884321571481,0.34534997766736825,0.49730396784101016
2015-10-25,10,2015,43,0.000346020761245675,0.00449826989619377,0.00311418685121107,0.337105137493102,0.8061209809617655
2015-11-01,11,2015,44,0.00171762281003092,0.00515286843009275,0.0013740982480247301,0.28075877759248,0.46793129598746563
2015-11-08,11,2015,45,0.0006846970215679559,0.0058199246833276295,0.00376583361862376,0.3975351120093759,0.6758096904159396
2015-11-15,11,2015,46,0.00392576730906495,0.00321199143468951,0.0046395431834404,0.5484742602606744,0.7645398779391238
2015-11-22,11,2015,47,0.000722021660649819,0.00144404332129964,0.0036101083032491,0.23859655370425598,0.6114036688671557
2015-11-29,11,2015,48,0.00537249283667622,0.00250716332378224,0.00537249283667622,0.5642041645855794,0.747189299045765
2015-12-06,12,2015,49,0.00265164070268479,0.0019887305270135896,0.0033145508783559803,0.37712223327072514,0.7856713193140099
2015-12-13,12,2015,50,0.0013917884481558802,0.00243562978427279,0.0034794711203897,0.33470789794956707,0.6694157958991321
2015-12-20,12,2015,51,0.0045498862528436795,0.00357491062723432,0.00682482937926552,0.6790771922825716,0.7381273829158387
2015-12-27,12,2015,52,0.00897277227722772,0.00309405940594059,0.00928217821782178,0.8508802864055558,0.3699479506111113
2016-01-03,1,2016,1,0.015685019206146,0.00416133162612036,0.0112035851472471,1.4343720425318707,0.517556922563045
2016-01-10,1,2016,2,0.0265293383270911,0.0031210986267166,0.0143570536828964,1.756835442904688,0.5482323367929541
2016-01-17,1,2016,3,0.0329457364341085,0.00419896640826873,0.0164728682170543,2.9656656000822834,0.6967527614651146
2016-01-24,1,2016,4,0.0490853658536585,0.00396341463414634,0.0170731707317073,4.841544817200355,0.9893591582974629
2016-01-31,1,2016,5,0.0644614079728583,0.00310998020921685,0.0189426067288663,3.4648909100752534,0.23778663108359574
2016-02-07,2,2016,6,0.10343074968233801,0.0139771283354511,0.0396442185514612,8.390454474247623,0.6652625715827395
2016-02-14,2,2016,7,0.15580985915492998,0.0129841549295775,0.0536971830985915,12.170304546077134,0.6741217157075338
2016-02-21,2,2016,8,0.15992647058823498,0.0106209150326797,0.0686274509803922,11.389277933395563,0.5932928727046379
2016-02-28,2,2016,9,0.171405525307522,0.0110909457551926,0.0746118168985683,17.415297685071398,0.8741796485055463
2016-03-06,3,2016,10,0.14461839530332699,0.00880626223091976,0.0986301369863014,20.741186069480843,1.0628247520075618
2016-03-13,3,2016,11,0.101913566974844,0.00537518813158461,0.10879380778327198,15.161145746084433,0.8448001609758501
2016-03-20,3,2016,12,0.0741700023546032,0.00470920649870497,0.103838003296445,12.729863708579275,1.0334812031449612
2016-03-27,3,2016,13,0.0842332613390929,0.00555384140697316,0.11323665535328599,12.168759119591279,1.3685230620816937
2016-04-03,4,2016,14,0.0705480750995638,0.0056893608951261105,0.10847714773373801,12.588620726088275,0.8271783639318774
2016-04-10,4,2016,15,0.0651598942053378,0.0052897331089204105,0.098821832171195,9.804260575244406,1.0584144939184297
2016-04-17,4,2016,16,0.07199017199017199,0.00466830466830467,0.0857493857493857,9.50048695252694,1.092340406039408
2016-04-24,4,2016,17,0.0600097181729835,0.00607385811467444,0.0833333333333333,8.990487625531816,0.6286031998339295
2016-05-01,5,2016,18,0.0453707968678029,0.00621833256563795,0.0868263473053892,7.579323091111574,0.7188376309373734
2016-05-08,5,2016,19,0.0373412994772218,0.00497883993029624,0.06621857107294,4.673129248293193,0.6538093673070738
2016-05-15,5,2016,20,0.0279475982532751,0.006113537117903929,0.0570596797671033,3.9501308546353053,0.7950742614761167
2016-05-22,5,2016,21,0.0194260485651214,0.00485651214128035,0.0549668874172185,3.3812142045808096,1.2432319638013005
2016-05-29,5,2016,22,0.009251916468411309,0.005815490351572829,0.0415014538725879,2.300143209757911,0.9351049497613948
2016-06-05,6,2016,23,0.00683131897004729,0.00499211770888071,0.0197057277982133,1.4034105651839597,1.2396793325791668
2016-06-12,6,2016,24,0.00665859564164649,0.00272397094430993,0.0217917675544794,1.015450623466964,1.045026855218429
2016-06-19,6,2016,25,0.0009196811771919071,0.00980993255671367,0.0141017780502759,0.9800625220322104,1.2946504920672397
2016-06-26,6,2016,26,0.00173661360347323,0.0133140376266281,0.0130246020260492,1.2763627511636035,1.763222769648686
2016-07-03,7,2016,27,0.00100603621730382,0.0355466130114017,0.0127431254191818,2.4181135179775883,2.1713672406329363
2016-07-10,7,2016,28,0.000971817298347911,0.025591188856495,0.0093942338840298,1.2933828223807664,1.3516433098753946
2016-07-17,7,2016,29,0.00030902348578492,0.0253399258343634,0.00556242274412855,1.4212714258566541,1.716783306480316
2016-07-24,7,2016,30,0.000311915159076731,0.0330630068621335,0.0049906425452277,2.0742664077777646,2.6813687710297955
2016-07-31,7,2016,31,0.0016175994823681699,0.0329990294403106,0.0048527984471045,1.9401254621091633,1.9401254621091597
2016-08-07,8,2016,32,0.00197693574958814,0.0378912685337726,0.0023064250411861604,1.0803554152735535,0.970631818409833
2016-08-14,8,2016,33,0.0019704433497536897,0.0341543513957307,0.00558292282430213,1.8224718995393807,1.3776165539825238
2016-08-21,8,2016,34,0.00140597539543058,0.0393673110720562,0.004569420035149379,1.6041257443732075,1.0445469963360436
2016-08-28,8,2016,35,0.00195694716242661,0.0691454664057404,0.0032615786040443603,3.2273459468237733,1.3164174256781165
2016-09-04,9,2016,36,0.00198347107438017,0.0667768595041322,0.00363636363636364,3.6536649416853346,0.9009036842511792
2016-09-11,9,2016,37,0.000328947368421053,0.0759868421052632,0.000986842105263158,3.584356951110389,0.9914178800943615
2016-09-18,9,2016,38,0.000901442307692308,0.140024038461538,0.00300480769230769,6.860737583664735,0.7591212775244944
2016-09-25,9,2016,39,0.00177981184846173,0.138571065344521,0.0007627765064836,7.5260615306381995,0.8814306297143835
2016-10-02,10,2016,40,0.00030441400304414,0.122678843226788,0.00121765601217656,6.9859562139235685,0.9246118518428308
2016-10-09,10,2016,41,0.0005359056806002139,0.120578778135048,0.000803858520900322,6.364961575158889,1.021191637333185
2016-10-16,10,2016,42,0.0,0.102113724322715,0.00119083060434653,5.064692648829495,1.2114394520254983
2016-10-23,10,2016,43,0.000322061191626409,0.0869565217391304,0.00193236714975845,4.2297418775352575,1.2215861018152365
2016-10-30,10,2016,44,0.0005945303210463731,0.084423305588585,0.00118906064209275,4.193941551861085,1.7209622230050654
2016-11-06,11,2016,45,0.000304321363359708,0.0873402312842362,0.000304321363359708,4.192776545086071,1.5088192411382382
2016-11-13,11,2016,46,0.000292997363023733,0.0791092880164078,0.000292997363023733,3.809618539035742,1.526648605716531
2016-11-20,11,2016,47,0.0,0.0699554069119287,0.000836120401337793,3.882334959078469,1.604902246863143
2016-11-27,11,2016,48,0.00028868360277136296,0.0643764434180139,0.00028868360277136296,3.015448123100445,1.340199165822421
2016-12-04,12,2016,49,0.000568343279340722,0.0599602159704462,0.0014208581983518,2.920078482508609,1.2189318436159762
2016-12-11,12,2016,50,0.000273448181569593,0.0527754990429314,0.000546896363139185,2.7250508917449023,1.4737520128824457
2016-12-18,12,2016,51,0.000264131008980454,0.0456946645536186,0.00449022715266772,2.4373574290305178,1.5058019718617854
2016-12-25,12,2016,52,0.0008203445447087781,0.0410172272354389,0.00191413727098715,1.3502901500877798,0.9789603588136387
2017-01-01,1,2016,53,0.000570125427594071,0.0601482326111745,0.00199543899657925,2.2188578062322306,1.3817432702446137
2017-01-08,1,2017,1,0.0031771247021445603,0.0561292030712205,0.00211808313476304,2.514602749330615,1.745047597595817
2017-01-15,1,2017,2,0.00525131282820705,0.0697674418604651,0.00550137534383596,2.7002826339835035,1.031474422298047
2017-01-22,1,2017,3,0.00423280423280423,0.0761904761904762,0.0007936507936507941,3.196269939755138,1.2701789337137692
2017-01-29,1,2017,4,0.0069284064665127,0.0753464203233256,0.00548498845265589,3.499342055839225,1.1510993604734314
2017-02-05,2,2017,5,0.007945516458569809,0.0726447219069239,0.00454029511918275,2.3932278489668093,0.6573399158495493
2017-02-12,2,2017,6,0.0060916179337232,0.0772417153996101,0.0034113060428849896,4.240778179392407,1.143580632645145
2017-02-19,2,2017,7,0.00427655024946543,0.0812544547398432,0.00522689474934664,5.082304560156289,1.3836640687336503
2017-02-26,2,2017,8,0.00509141402453136,0.0798426290210599,0.00647998148576718,4.743679342727907,0.6845309431278227
2017-03-05,3,2017,9,0.0073117231294175,0.0801852303192786,0.004874482086278329,5.0336778098336294,0.9429844973566965
2017-03-12,3,2017,10,0.00378967314069162,0.0729512079583136,0.00663192799621033,4.92442049930679,1.4269627583218512
2017-03-19,3,2017,11,0.00455963522918167,0.0611951043916487,0.007439404847612191,4.249366508604952,1.0588585398491046
2017-03-26,3,2017,12,0.009035409035409041,0.0537240537240537,0.00757020757020757,3.9168445231187543,1.1152126767213106
2017-04-02,4,2017,13,0.00850340136054422,0.0364431486880466,0.010689990281827001,2.478643464697202,0.8875491882321883
2017-04-09,4,2017,14,0.00857002938295788,0.0377081292850147,0.00905974534769833,3.1498936309049435,1.5888843978901053
2017-04-16,4,2017,15,0.00936914428482199,0.0387257963772642,0.014366021236727,2.4468206163742203,1.0154305557953025
2017-04-23,4,2017,16,0.0169662694405171,0.0492829731367401,0.0137345990708948,2.527055217467055,1.0337953162365219
2017-04-30,4,2017,17,0.0324214792299899,0.0567375886524823,0.009878419452887541,4.944531003890923,1.6439617148486452
2017-05-07,5,2017,18,0.0351856345547197,0.05775297257947099,0.0123756369813152,5.706957452730297,1.656858615308798
2017-05-14,5,2017,19,0.0303103199422661,0.0755352417608853,0.012990137118113998,6.029875718013681,1.513572042578333
2017-05-21,5,2017,20,0.0286303252404947,0.0964269354099863,0.00916170407695831,7.478934328624782,1.5953358209523831
2017-05-28,5,2017,21,0.021532184950136,0.10675430643698999,0.0117860380779692,7.1175637587204434,1.2899144675998202
2017-06-04,6,2017,22,0.0228096354721808,0.12065657642293799,0.0123641014709017,8.701185010285416,1.6902438734070122
2017-06-11,6,2017,23,0.0215439856373429,0.121184919210054,0.00785457809694794,6.667903303808621,1.3614049964557093
2017-06-18,6,2017,24,0.0180627681192143,0.134567622488146,0.00857981485662678,8.303449629161722,1.6513863408136773
2017-06-25,6,2017,25,0.0130601215942355,0.184643098401261,0.007881107858590409,11.781336839775765,1.7291337749506603
2017-07-02,7,2017,26,0.0161785787425763,0.28957608027851695,0.00696293262338726,21.049719796569896,2.4813029229748436
2017-07-09,7,2017,27,0.0157646676418007,0.329270274662766,0.0110515195839428,21.309014951832967,1.945140570683064
2017-07-16,7,2017,28,0.0159928920479787,0.379090774470606,0.0108100103657634,26.5717197890331,1.4929021698325788
2017-07-23,7,2017,29,0.0149144611785349,0.364965638251206,0.0076034507969001295,29.60411023041742,1.6980470773673388
2017-07-30,7,2017,30,0.0061846561625681,0.342512148431748,0.0050066264173170396,25.596195122436846,1.5131805609433973
2017-08-06,8,2017,31,0.00365726227795193,0.242250087077673,0.00644374782305817,16.126634958382855,1.0127838379660734
2017-08-13,8,2017,32,0.00451068837026868,0.16709158658560502,0.00627574034124338,10.14526168455701,1.2975196862278007
2017-08-20,8,2017,33,0.010239651416122,0.106535947712418,0.00980392156862745,6.7830729700948424,0.9106363023535277
2017-08-27,8,2017,34,0.00593260560037969,0.0709539629805411,0.0118652112007594,4.642086177521061,0.8440156686401897
2017-09-03,9,2017,35,0.00443285528031291,0.0315514993481095,0.0112125162972621,1.796864801620622,0.7842669576134184
2017-09-10,9,2017,36,0.00662427133015368,0.0182829888712242,0.0100688924218336,1.4966799962741977,0.6349551499345097
2017-09-17,9,2017,37,0.00617894216510133,0.014087988136431003,0.0145823035096391,1.6977040386310258,0.6983463421319135
2017-09-24,9,2017,38,0.00169779286926995,0.0118845500848896,0.0126121756002911,1.238609587755699,0.8601455470525702
2017-10-01,10,2017,39,0.0023088763468445397,0.00564391995895331,0.0115443817342227,0.8262455995344311,0.6631708101526333
2017-10-08,10,2017,40,0.00280898876404494,0.0036516853932584297,0.008988764044943821,0.6080614490742154,0.8733973541247839
2017-10-15,10,2017,41,0.0018238665971860302,0.00677436164669099,0.0127670661803022,0.7269941969215731,0.7713231113680105
2017-10-22,10,2017,42,0.000547495209416918,0.007117437722419929,0.0112236517930468,0.8255254312340504,1.172485395086045
2017-10-29,10,2017,43,0.00209080047789725,0.00507765830346475,0.0149342891278375,0.887315702130515,1.2950012950012921
2017-11-05,11,2017,44,0.0021577559338288197,0.00647326780148645,0.0148645408774874,0.8886116030294601,0.9702187910627785
2017-11-12,11,2017,45,0.000514006682086867,0.0053970701619121,0.0138781804163454,0.8662351618899521,1.0687316932408513
2017-11-19,11,2017,46,0.00211640211640212,0.00291005291005291,0.0126984126984127,0.7000398840815836,0.992593865488811
2017-11-26,11,2017,47,0.0038178347422961603,0.00245432233433324,0.0158167439323698,0.9538192893686644,1.0951258507566148
2017-12-03,12,2017,48,0.00290084388185654,0.0060654008438818605,0.0181962025316456,0.9612221273272189,0.8772318443568791
2017-12-10,12,2017,49,0.0023183925811437398,0.0038639876352395703,0.0218959299330242,1.1638386465613433,1.04638704002763
2017-12-17,12,2017,50,0.00439667806546165,0.00439667806546165,0.0254030288226673,1.4507173313027497,0.7564454656078649
2017-12-24,12,2017,51,0.0031823745410036698,0.0058751529987760105,0.0421052631578947,1.9709747929116206,0.7072876051118249
2017-12-31,12,2017,52,0.00907481186365649,0.007525453740593179,0.0759185480301018,2.97616244467139,0.7476006140920946
2018-01-07,1,2018,1,0.0170502983802217,0.015771526001704998,0.11253196930946302,5.781649501807593,0.7629742744320879
2018-01-14,1,2018,2,0.0168462291870715,0.0111655239960823,0.133398628795299,9.333860026009978,1.1100950030934198
2018-01-21,1,2018,3,0.0249442586399108,0.0164437012263099,0.18756967670011104,16.01887207705619,0.9944765379548008
2018-01-28,1,2018,4,0.0216873842898704,0.0126950542184607,0.22229568897117202,19.701608482300202,0.8221691329553367
2018-02-04,2,2018,5,0.0236518448438978,0.011217732125963,0.201648871469117,17.84335291226917,0.9890315614229221
2018-02-11,2,2018,6,0.0323353293413174,0.009341317365269459,0.193293413173653,16.76503031821127,0.7690380879913448
2018-02-18,2,2018,7,0.0349572919962037,0.0102815564694717,0.220025308446694,9.64899410531039,0.27042499877733367
2018-02-25,2,2018,8,0.04336999377464199,0.00830047727744345,0.20522930068478898,14.756644851726474,0.5542681628475622
2018-03-04,3,2018,9,0.0528317261985604,0.00787722395762597,0.144506315360587,9.820955278580499,0.5329704386787543
2018-03-11,3,2018,10,0.0514509803921569,0.00627450980392157,0.10854901960784301,6.682092781828865,0.523220472539432
2018-03-18,3,2018,11,0.0459770114942529,0.00618921308576481,0.0760389036251105,5.811383764139666,0.4168164906693277
2018-03-25,3,2018,12,0.0340950976778474,0.00589753040914117,0.0493918171765573,3.9773846926474725,0.4756460044815546
2018-04-01,4,2018,13,0.0188064192577733,0.004012036108324971,0.033851554663992,2.0372681856233767,0.37860736193000954
2018-04-08,4,2018,14,0.0132052821128451,0.00411593208712056,0.0195506774138227,0.8033695392936624,0.2690353806006687
2018-04-15,4,2018,15,0.0173217854763491,0.00621807683766378,0.0104374861203642,0.8534907973963468,0.2677618187910106
2018-04-22,4,2018,16,0.0123026926648097,0.00371402042711235,0.003946146703806871,0.8265523438864825,0.5286090571367027
2018-04-29,4,2018,17,0.016099356025758998,0.00482980680772769,0.0045998160073597106,1.2023887645176798,0.5199518981698071
2018-05-06,5,2018,18,0.0126903553299492,0.00346100599907707,0.0055376095985233,1.0182339132879445,0.5524460593370764
2018-05-13,5,2018,19,0.00951248513674197,0.0033293697978596898,0.00428061831153389,0.7350033860191202,0.6125028216826021
2018-05-20,5,2018,20,0.00808500808500809,0.00346500346500346,0.000693000693000693,0.5096246996894951,0.44231577708899467
2018-05-27,5,2018,21,0.00709387562071412,0.00472925041380941,0.0018917001655237601,0.53398517762547,0.4050922037158737
2018-06-03,6,2018,22,0.007617233991906691,0.00285646274696501,0.0009521542489883359,0.4380360706093232,0.4015330647252129
2018-06-10,6,2018,23,0.00974025974025974,0.00374625374625375,0.000999000999000999,0.5676313136750217,0.3816831247125146
2018-06-17,6,2018,24,0.0104826913700634,0.00146270112140419,0.0009751340809361289,0.41069696670069095,0.29446197612502334
2018-06-24,6,2018,25,0.009421950598421191,0.0015278838808250599,0.000254647313470843,0.46146959607566296,0.3670780877874589
2018-07-01,7,2018,26,0.00426599749058971,0.0027603513174404,0.00100376411543287,0.2982237459287181,0.4939330791944408
2018-07-08,7,2018,27,0.00677966101694915,0.00886571056062582,0.00208604954367666,0.7416617586109105,0.774382130314334
2018-07-15,7,2018,28,0.0220893970893971,0.0051975051975052,0.00077962577962578,1.1500971757698504,0.5750485878849235
2018-07-22,7,2018,29,0.0228881547899953,0.00424728645587541,0.00141576215195847,0.8851807716253618,0.44624815759625797
2018-07-29,7,2018,30,0.0164175447194315,0.00465572163685371,0.000490075961774075,0.550153724356211,0.26882511531042114
2018-08-05,8,2018,31,0.0161883738042678,0.000981113563895021,0.00049055678194751,0.304838644065352,0.18205641242791945
2018-08-12,8,2018,32,0.0131484580444657,0.004303131723643321,0.00047812574707147996,0.3428173402367985,0.21026130201190227
2018-08-19,8,2018,33,0.0214509520366353,0.006507592190889371,0.000964087731983611,1.051846589119747,0.2980232002505954
2018-08-26,8,2018,34,0.0186157517899761,0.00572792362768496,0.00023866348448687403,1.0857064643664536,0.4427152573144775
2018-09-02,9,2018,35,0.0120141342756184,0.0108362779740872,0.0,0.8506769305788591,0.48234258950347375
2018-09-09,9,2018,36,0.0144996434513905,0.0161635369622058,0.000713097218920846,1.5124974858751854,0.6531239143551966
2018-09-16,9,2018,37,0.0168942374450359,0.0138856746123582,0.0,0.976918541835223,0.42602462726648826
2018-09-23,9,2018,38,0.0185417188674518,0.00977198697068404,0.000250563768479078,0.5289679556780535,0.21344321018588128
2018-09-30,9,2018,39,0.0225324516287044,0.0115111437668381,0.0,0.6322955512733434,0.20924888747175402
2018-10-07,10,2018,40,0.0271428571428571,0.006428571428571429,0.000714285714285714,1.1080934274850613,0.5078761542639867
2018-10-14,10,2018,41,0.0167480809490579,0.0051174691788788106,0.00023261223540358198,0.5964299640408691,0.38297081901571584
2018-10-21,10,2018,42,0.0122316525212182,0.00474288567149276,0.0,0.5169170970115712,0.3952895447735534
2018-10-28,10,2018,43,0.0140977443609023,0.005169172932330829,0.00093984962406015,0.6476274720414497,0.3991192560255439
2018-11-04,11,2018,44,0.021577882670263,0.00696785794560575,0.0008990784445942911,1.1660171437391764,0.6319634901181808
2018-11-11,11,2018,45,0.0219202104340202,0.0116177115300307,0.00175361683472161,1.0999960145071963,0.5192527770344514
2018-11-18,11,2018,46,0.0248171947706625,0.00664746288499889,0.00132949257699978,0.8043065923054704,0.3641117681382877
2018-11-25,11,2018,47,0.0344980097302079,0.00840336134453781,0.000663423264042459,1.2956770730070606,0.532740319358233
2018-12-02,12,2018,48,0.03773173391494,0.0102508178844057,0.00130861504907306,1.4526097113895118,0.39207607254318716
2018-12-09,12,2018,49,0.043684710351377,0.0167141500474834,0.0013295346628680001,2.715915263443778,0.7604562737642556
2018-12-16,12,2018,50,0.0551276854479124,0.012363194162951001,0.000608025942440211,2.5344850124626066,0.6109919226472359
2018-12-23,12,2018,51,0.0842587696104354,0.018861272695223,0.0008813678829543449,4.52388182408465,0.5904049160246061
2018-12-30,12,2018,52,0.114600252661974,0.0277928171810143,0.000541418516513265,5.7300126330987,0.5787891548584561
2019-01-06,1,2019,1,0.16812551610239498,0.0292320396366639,0.000825763831544178,8.479438441337907,0.5723620947903084
2019-01-13,1,2019,2,0.214987714987715,0.0346710346710347,0.00204750204750205,12.057224831082976,0.7127101445705241
2019-01-20,1,2019,3,0.259374594524458,0.0372388737511353,0.00285454781367588,16.341131091730208,0.7009410650265587
2019-01-27,1,2019,4,0.21901354459494,0.0384615384615385,0.00102223358037312,15.908782308406526,0.770667655078519
2019-02-03,2,2019,5,0.163213530655391,0.0365045806906272,0.00324171952078929,8.785658432042624,0.5063955901802346
2019-02-10,2,2019,6,0.13057796805532698,0.0339206323069323,0.0019759591635106198,4.460066080752718,0.22940003580528295
2019-02-17,2,2019,7,0.12127392532161901,0.0349858801380609,0.00251019767806715,4.59823649304048,0.3498658201226439
2019-02-24,2,2019,8,0.09482620534999199,0.0392439532276149,0.00384430562229697,5.268577040984088,0.4589352823156857
2019-03-03,3,2019,9,0.0824140168721609,0.0468851395197923,0.00405580791693705,6.346722153051783,0.45554331755481203
2019-03-10,3,2019,10,0.0791896869244936,0.0403482337183995,0.00552486187845304,5.3524635352037135,0.5660570539238181
2019-03-17,3,2019,11,0.0617035546613011,0.050972501676727004,0.00620389000670691,4.69012761480917,0.4167532295246498
2019-03-24,3,2019,12,0.0475675675675676,0.0370656370656371,0.007413127413127409,3.72312161785846,0.4747604747604729
2019-03-31,3,2019,13,0.0367827366356057,0.0361288213176394,0.008337420304070621,2.9675885805107014,0.41797022260714234
2019-04-07,4,2019,14,0.0242144177449168,0.0303142329020333,0.009057301293900191,2.1315404097263326,0.464725380027545
2019-04-14,4,2019,15,0.0109518440972781,0.0248027057497181,0.0125624094057014,1.4542886072691563,0.4023531813444665
2019-04-21,4,2019,16,0.0111472364143056,0.0176497909893172,0.0150952159777055,1.6079926340513755,0.5104738520798017
2019-04-28,4,2019,17,0.0115519075847393,0.0265997872017024,0.0221918224654203,1.7846243380569944,0.3641173082685566
2019-05-05,5,2019,18,0.0115830115830116,0.0193050193050193,0.0288656002941717,1.6753354537066154,0.3969256305704916
2019-05-12,5,2019,19,0.00846677710288975,0.01509295048776,0.0259525124240751,0.942976605873497,0.25940620384624113
2019-05-19,5,2019,20,0.00762527233115468,0.0150689905591866,0.0423021060275962,1.8141589903509596,0.4915458716872727
2019-05-26,5,2019,21,0.00787824529991047,0.0180841539838854,0.0436884512085945,2.7074225625495063,0.5498364587182811
2019-06-02,6,2019,22,0.00593002569677802,0.0154180668116228,0.0442775252026092,2.2724769094495514,0.5407399874895027
2019-06-09,6,2019,23,0.0062266500622665,0.0190950601909506,0.0396430053964301,1.5880263825469287,0.2739726027397255
2019-06-16,6,2019,24,0.0128460285869369,0.0247874072733852,0.0387190157409083,2.8094721975650954,0.5059712962439515
2019-06-23,6,2019,25,0.0183299389002037,0.0227735604517682,0.0366598778004073,2.5800337619987883,0.5221496899283263
2019-06-30,6,2019,26,0.0226149752945648,0.0237552261497529,0.0328772329912581,2.571113590195324,0.5857453023226747
2019-07-07,7,2019,27,0.03125,0.0285416666666667,0.0383333333333333,4.2849344978165975,0.9097525473071318
2019-07-14,7,2019,28,0.0337770713292271,0.0264255910987483,0.0315914961255712,4.2467757975467935,1.2960939122383064
2019-07-21,7,2019,29,0.0309021113243762,0.0218809980806142,0.0259117082533589,3.2808493754494226,0.9522465260450785
2019-07-28,7,2019,30,0.0259165613147914,0.0248630425621576,0.0200168563000421,3.2622853038916153,1.019464157466129
2019-08-04,8,2019,31,0.0141969831410825,0.0252883762200532,0.0137533274179237,2.1834600653690184,1.0280457807779129
2019-08-11,8,2019,32,0.00932005930946833,0.0239356068629528,0.0105909764880322,1.5076801291630193,0.8885844239511522
2019-08-18,8,2019,33,0.009816474605206998,0.0162185232607768,0.00682885189927443,0.9640571670900602,0.45698813764658663
2019-08-25,8,2019,34,0.009412819363514121,0.0147915732855222,0.00649932765575975,1.0613022291850724,0.7669264283892131
2019-09-01,9,2019,35,0.0116704805491991,0.0139588100686499,0.0036613272311212795,1.102558768462661,0.6201893072602475
2019-09-08,9,2019,36,0.0127996276471957,0.0160577146846637,0.00395624854549686,0.7542478516039637,0.4493391456364042
2019-09-15,9,2019,37,0.0113884177368549,0.0184153137872547,0.00242306760358614,1.187495432709878,0.5714263736348272
2019-09-22,9,2019,38,0.0104770813844715,0.0149672591206735,0.00318054256314312,1.069004382618529,0.7615782856563382
2019-09-29,9,2019,39,0.0050978792822186,0.00999184339314845,0.00448613376835237,0.6857530159510672,0.500028240797654
2019-10-06,10,2019,40,0.00854522717799083,0.00875364735306378,0.00333472280116715,0.7027384598655246,0.7311319329914029
2019-10-13,10,2019,41,0.00648598563817466,0.0062543432939541396,0.00138985406532314,0.482296501476343,0.6088005018635798
2019-10-20,10,2019,42,0.009082440614811359,0.00442477876106195,0.000931532370749884,0.42379953932068115,0.4989897801678995
2019-10-27,10,2019,43,0.011596036263967999,0.00421674045962471,0.00189753320683112,0.48127723955599394,0.5385721490269432
2019-11-03,11,2019,44,0.008982035928143709,0.00363558597091531,0.00363558597091531,0.5257590945111601,0.6502809853164357
2019-11-10,11,2019,45,0.0106605351170569,0.00292642140468227,0.00167224080267559,0.4885750425825349,0.5755815570150381
2019-11-17,11,2019,46,0.0120253164556962,0.0037974683544303796,0.000421940928270042,0.35300793989076484,0.3621769772905258
2019-11-24,11,2019,47,0.0131771595900439,0.00188245137000627,0.000627483790002092,0.35239125887798517,0.3664869092331057
2019-12-01,12,2019,48,0.0139758030871923,0.0018773466833541899,0.000417188151856487,0.4428651800938458,0.41447638649808743
2019-12-08,12,2019,49,0.017295269847884997,0.0056261721191915,0.000625130235465722,0.38098047060217444,0.21240504113218617
2019-12-15,12,2019,50,0.0178165938864629,0.011353711790393,0.0026200873362445397,0.8401096958520056,0.32311911378923386
2019-12-22,12,2019,51,0.0267827251422832,0.0165718111817877,0.00284566454636759,1.2918831135542075,0.21063311634036033
2019-12-29,12,2019,52,0.0423033917256802,0.0184494968319046,0.00242266120014909,1.8369040967467702,0.3034413847133297
