date,monthid,yearid,weekid,RSV_org,Adenovirus,RSV
2004-07-04,7,2004,27,0.0305206463195691,1.4312779224567247,1.0138218617401797
2004-07-11,7,2004,28,0.0543859649122807,3.683437875350327,2.482316829040438
2004-07-18,7,2004,29,0.0416024653312789,1.121998396949081,2.0195971145083447
2004-07-25,7,2004,30,0.0304232804232804,2.3253320466942755,1.4856288076102309
2004-08-01,8,2004,31,0.0437235543018336,2.215845250203041,1.962605793036982
2004-08-08,8,2004,32,0.0499219968798752,1.467756425547004,2.1349184371592784
2004-08-15,8,2004,33,0.0627062706270627,2.2412837310221096,2.661524430588755
2004-08-22,8,2004,34,0.0565149136577708,1.6641169669862566,2.139578957553756
2004-08-29,8,2004,35,0.0367504835589942,1.0209818160323838,1.3856181789010902
2004-09-05,9,2004,36,0.0810276679841897,3.372962956982745,2.659451562236403
2004-09-12,9,2004,37,0.07339449541284401,1.8476253397198161,3.2132614603822893
2004-09-19,9,2004,38,0.0382608695652174,1.2700558811503315,1.7463268365817086
2004-09-26,9,2004,39,0.0650263620386643,1.9312848838332142,2.1016923735832047
2004-10-03,10,2004,40,0.0688888888888889,1.694644284572344,2.9185540456523706
2004-10-10,10,2004,41,0.0751565762004175,3.156472069380197,2.525177655504157
2004-10-17,10,2004,42,0.0458715596330275,2.5553881966315237,1.6486375462138845
2004-10-24,10,2004,43,0.0224719101123595,2.708667736757624,0.8025682182985533
2004-10-31,10,2004,44,0.0205479452054795,4.474691899007588,0.8754831976319241
2004-11-07,11,2004,45,0.0162412993039443,3.650538765221598,0.5678615857011394
2004-11-14,11,2004,46,0.0114155251141553,4.598228659149417,0.41802078719540253
2004-11-21,11,2004,47,0.0043010752688172,3.6457235223838564,0.14582894089535425
2004-11-28,11,2004,48,0.00905797101449275,4.019939754218536,0.3465465305360805
2004-12-05,12,2004,49,0.0168776371308017,4.628480553027588,0.6496113056880832
2004-12-12,12,2004,50,0.0087719298245614,4.489657241695784,0.3265205266687849
2004-12-19,12,2004,51,0.00208768267223382,3.5575626591314995,0.07569282253471271
2004-12-26,12,2004,52,0.0118764845605701,2.9940080284112685,0.4829045207114964
2005-01-02,1,2005,1,0.00497512437810945,1.614625675947459,0.2152834234596611
2005-01-09,1,2005,2,0.0,2.5725038408256173,0.0
2005-01-16,1,2005,3,0.00255754475703325,2.9663510599072285,0.08017165026776298
2005-01-23,1,2005,4,0.00945626477541371,2.9743610081100904,0.39658146774801223
2005-01-30,1,2005,5,0.00806451612903226,2.3277543392931483,0.3325363341847356
2005-02-06,2,2005,6,0.0418604651162791,3.709536894310033,1.6285771731117233
2005-02-13,2,2005,7,0.0514905149051491,1.215704412013275,2.099853075295661
2005-02-20,2,2005,8,0.0598911070780399,2.9992595935809594,2.1058631188972683
2005-02-27,2,2005,9,0.0538793103448276,2.8438759674790384,2.5391749709634275
2005-03-06,3,2005,10,0.042910447761194,4.588655231716523,2.4543969844065114
2005-03-13,3,2005,11,0.0506970849176172,3.8583886003115953,3.9573216413452235
2005-03-20,3,2005,12,0.0619469026548673,3.5175633856343986,5.183777620934906
2005-03-27,3,2005,13,0.082579185520362,2.9485228747101875,6.726317807932622
2005-04-03,4,2005,14,0.0989795918367347,1.017606059622868,8.2256489819515
2005-04-10,4,2005,15,0.0908059023836549,4.973112882367053,6.216391102958816
2005-04-17,4,2005,16,0.082004555808656,2.2965915205253045,5.010745135691568
2005-04-24,4,2005,17,0.0576519916142558,3.6666033128297304,3.6666033128297304
2005-05-01,5,2005,18,0.0594170403587444,4.394853150254294,4.0864424028680295
2005-05-08,5,2005,19,0.0544747081712062,2.2593243563577907,4.36283323986332
2005-05-15,5,2005,20,0.0527240773286467,2.4636037299611093,4.223320679933332
2005-05-22,5,2005,21,0.07130434782608701,3.5385647402161786,6.045048097869311
2005-05-29,5,2005,22,0.0426917510853835,3.174181838436334,3.8219740503621185
2005-06-05,6,2005,23,0.049469964664311,3.6817676272437567,4.295395565117718
2005-06-12,6,2005,24,0.0413983440662374,2.6137430168541647,2.8004389466294675
2005-06-19,6,2005,25,0.0659340659340659,3.048402143028311,4.014968676183623
2005-06-26,6,2005,26,0.0533807829181495,4.327943128122334,3.245957346091753
2005-07-03,7,2005,27,0.0545212765957447,2.2542382523609046,3.1870264947171454
2005-07-10,7,2005,28,0.058252427184465994,6.369039272133389,3.513952701866684
2005-07-17,7,2005,29,0.0721040189125296,4.187410752190185,2.717362296634061
2005-07-24,7,2005,30,0.0570342205323194,3.707133544692238,2.527591053199255
2005-07-31,7,2005,31,0.100299401197605,4.703096474003121,3.3169206711390604
2005-08-07,8,2005,32,0.0847457627118644,8.381679325330694,3.687938903145509
2005-08-14,8,2005,33,0.0538720538720539,4.821014776767012,2.172851730373857
2005-08-21,8,2005,34,0.0613382899628253,4.40271892272767,2.741315555660625
2005-08-28,8,2005,35,0.0512820512820513,3.5726405234081264,2.5518860881486622
2005-09-04,9,2005,36,0.0525394045534151,3.2293723838978483,2.4220292879233885
2005-09-11,9,2005,37,0.0833333333333333,2.815924538770983,4.369538077403248
2005-09-18,9,2005,38,0.0506993006993007,2.5388255277845193,2.3750303324435826
2005-09-25,9,2005,39,0.0351145038167939,2.2392943751510583,1.661411955757236
2005-10-02,10,2005,40,0.0367892976588629,2.528121165197315,1.9863809155121768
2005-10-09,10,2005,41,0.0205761316872428,1.9974673920979515,0.966516480047397
2005-10-16,10,2005,42,0.0141732283464567,1.7540031966738927,0.5846677322246309
2005-10-23,10,2005,43,0.00824175824175824,3.8933288933288965,0.38295038295038314
2005-10-30,10,2005,44,0.0184921763869132,3.4406188514174745,0.877020491537786
2005-11-06,11,2005,45,0.009681881051175659,3.050294030138829,0.45429911087174035
2005-11-13,11,2005,46,0.0013192612137203198,3.70195651490846,0.06984823613034846
2005-11-20,11,2005,47,0.00717360114777618,3.2301968891040294,0.33647884261500266
2005-11-27,11,2005,48,0.0030627871362940303,3.776917722400112,0.1398858415703747
2005-12-04,12,2005,49,0.00410958904109589,4.080565647417227,0.2186017311116371
2005-12-11,12,2005,50,0.00459418070444104,4.461088605751786,0.20589639718854388
2005-12-18,12,2005,51,0.0041899441340782105,2.5726444919932017,0.17540757899953652
2005-12-25,12,2005,52,0.0127118644067797,3.1146165464003985,0.5839906024500767
2006-01-01,1,2005,53,0.00144508670520231,2.8787104015342497,0.07575553688248009
2006-01-08,1,2006,1,0.009787928221859709,4.106151030981827,0.4830765918802152
2006-01-15,1,2006,2,0.00337837837837838,2.9591866941264544,0.16439926078480313
2006-01-22,1,2006,3,0.00984528832630099,1.8557112759164862,0.5195991572566167
2006-01-29,1,2006,4,0.008,0.5781681304893346,0.3212045169385192
2006-02-05,2,2006,5,0.0210378681626928,1.2712832445242293,0.7627699467145355
2006-02-12,2,2006,6,0.0375647668393782,2.930677760984588,1.9765036062454169
2006-02-19,2,2006,7,0.0361111111111111,2.113390441839495,2.0351167217713653
2006-02-26,2,2006,8,0.0327169274537696,2.106419575974649,2.106419575974649
2006-03-05,3,2006,9,0.0622516556291391,1.6188171317979174,3.6230669140239176
2006-03-12,3,2006,10,0.0564971751412429,1.1940826190034823,3.512007702951416
2006-03-19,3,2006,11,0.0923450789793439,1.179272522156761,5.601544480244627
2006-03-26,3,2006,12,0.105726872246696,0.8667416146565172,5.9433710719303905
2006-04-02,4,2006,13,0.119668246445498,1.0283192222061823,7.418588674487475
2006-04-09,4,2006,14,0.151774785801714,1.0995860597497822,8.020510082880786
2006-04-16,4,2006,15,0.116640746500778,0.9234261178273615,5.771413236421035
2006-04-23,4,2006,16,0.11165048543689302,0.8589341006417132,5.644424089931255
2006-04-30,4,2006,17,0.122708039492243,1.2063643627015026,5.830761086390622
2006-05-07,5,2006,18,0.0478395061728395,1.0903572626766207,2.6000827033057914
2006-05-14,5,2006,19,0.0812121212121212,1.1220725339745172,4.422285869193686
2006-05-21,5,2006,20,0.0647382920110193,0.9859314350004371,3.309912674644331
2006-05-28,5,2006,21,0.0625,1.6743391289462746,3.428408692604275
2006-06-04,6,2006,22,0.024745269286753996,1.6592846159047667,1.4846230773884765
2006-06-11,6,2006,23,0.0271546635182999,1.135152013042628,1.7405664199986992
2006-06-18,6,2006,24,0.0275862068965517,0.9395237509367296,1.8790475018734523
2006-06-25,6,2006,25,0.0184672206832872,1.602995482467279,1.4572686204248004
2006-07-02,7,2006,26,0.0163432073544433,1.4650617119093514,0.9767078079395656
2006-07-09,7,2006,27,0.0393617021276596,0.6263025855327632,1.9310996387260229
2006-07-16,7,2006,28,0.0230680507497117,0.4397096579753845,1.256313308501101
2006-07-23,7,2006,29,0.0484094052558783,1.258751005403773,2.591546187596005
2006-07-30,7,2006,30,0.0541205412054121,1.4567450910779833,2.4652609233627456
2006-08-06,8,2006,31,0.0470016207455429,1.7572731315943717,2.123371700676528
2006-08-13,8,2006,32,0.0852842809364548,1.4142095808977504,3.7960362434623836
2006-08-20,8,2006,33,0.0508744038155803,0.9765768565986169,2.0833639607437133
2006-08-27,8,2006,34,0.0516666666666667,0.7681274900398402,1.9843293492695881
2006-09-03,9,2006,35,0.042654028436019,0.7242417696911172,1.6295439818050137
2006-09-10,9,2006,36,0.025297619047618996,0.8005025940337217,0.9720388641838045
2006-09-17,9,2006,37,0.0609951845906902,0.7146395309162165,2.2630251812346884
2006-09-24,9,2006,38,0.0282087447108604,0.5229383577908893,1.1620852395353076
2006-10-01,10,2006,39,0.0348837209302326,0.5638699520828956,1.5036532055543912
2006-10-08,10,2006,40,0.017921146953405,0.748105757856709,0.8312286198407878
2006-10-15,10,2006,41,0.0212443095599393,0.9416429297771066,0.8239375635549687
2006-10-22,10,2006,42,0.00694444444444444,1.520959682648662,0.2765381241179387
2006-10-29,10,2006,43,0.012216404886562,0.8427948593908852,0.45381261659509425
2006-11-05,11,2006,44,0.00648298217179903,1.1503340317033657,0.270666830989027
2006-11-12,11,2006,45,0.00667779632721202,1.6379892875500572,0.26207828600800936
2006-11-19,11,2006,46,0.00807754442649435,0.9262366253506892,0.257287951486303
2006-11-26,11,2006,47,0.00688468158347676,1.0487993156252573,0.26219982890631377
2006-12-03,12,2006,48,0.00328947368421053,1.2225192770993367,0.12225192770993368
2006-12-10,12,2006,49,0.013355592654424,0.9739819394046456,0.5565611082312237
2006-12-17,12,2006,50,0.0194489465153971,1.0002105222514686,0.7060309568833893
2006-12-24,12,2006,51,0.0226904376012966,1.5167870127859853,0.8847924241251574
2006-12-31,12,2006,52,0.0113452188006483,1.1030457315305418,0.4541953012184579
2007-01-07,1,2007,1,0.0202808112324493,1.2812437091959783,0.8328084109773859
2007-01-14,1,2007,2,0.0111111111111111,1.8288051416885802,0.47413466636370505
2007-01-21,1,2007,3,0.0223214285714286,1.2915454962164743,0.8805992019657801
2007-01-28,1,2007,4,0.0364741641337386,1.3468847858340556,1.5392968980960622
2007-02-04,2,2007,5,0.0172185430463576,1.0733597956836982,0.8721048339930021
2007-02-11,2,2007,6,0.0226190476190476,1.2549297392502965,1.2549297392502965
2007-02-18,2,2007,7,0.0456375838926174,2.1021282932173273,2.647124517384783
2007-02-25,2,2007,8,0.0280898876404494,1.6956799503351276,1.461793060633731
2007-03-04,3,2007,9,0.06196581196581201,0.7917514184102228,3.2801130191280587
2007-03-11,3,2007,10,0.0325379609544469,1.2746555481190065,1.9119833221785154
2007-03-18,3,2007,11,0.0452039691289967,1.3007903383841302,2.5396382797023525
2007-03-25,3,2007,12,0.0534521158129176,0.924194885633929,2.9574236340285815
2007-04-01,4,2007,13,0.0665914221218962,2.4583557382197028,3.7190509885887852
2007-04-08,4,2007,14,0.10724637681159402,2.7610234647701026,6.590830206225389
2007-04-15,4,2007,15,0.0697424892703863,1.3897834089356993,3.0111973860273533
2007-04-22,4,2007,16,0.14041514041514003,1.4977222465521982,5.556066398500082
2007-04-29,4,2007,17,0.111656441717791,1.6475804284388442,4.836445773804334
2007-05-06,5,2007,18,0.0824468085106383,1.23450652879963,3.4790638538898633
2007-05-13,5,2007,19,0.068922305764411,1.5594370778690472,3.430761571311903
2007-05-20,5,2007,20,0.065843621399177,1.9597020542590322,3.243644779463232
2007-05-27,5,2007,21,0.0590015128593041,1.3187326761608558,3.2144108981420896
2007-06-03,6,2007,22,0.0503048780487805,1.6896980000082509,2.1446166923181655
2007-06-10,6,2007,23,0.0333333333333333,2.088153376854949,1.766899011184955
2007-06-17,6,2007,24,0.0440165061898212,2.180190161566458,2.491645898933098
2007-06-24,6,2007,25,0.0291828793774319,1.8580307233736306,2.064478581526257
2007-07-01,7,2007,26,0.0473372781065089,1.4233156464590515,2.952062081544702
2007-07-08,7,2007,27,0.0460218408736349,1.4330920239964164,3.252016515991865
2007-07-15,7,2007,28,0.0603975535168196,1.862105864790891,4.326657744661195
2007-07-22,7,2007,29,0.0883424408014572,2.0695195867062606,4.562349997966074
2007-07-29,7,2007,30,0.0993449781659389,1.4159691778540966,3.9046422783249395
2007-08-05,8,2007,31,0.104031209362809,1.6148617858009442,4.454791133243991
2007-08-12,8,2007,32,0.11378002528445,1.4211604690701427,4.12594974891332
2007-08-19,8,2007,33,0.11041990668740302,1.4382983140201007,3.9276607805933637
2007-08-26,8,2007,34,0.12356321839080499,1.8939393939393971,5.616509926854778
2007-09-02,9,2007,35,0.09986684420772302,1.2675355418364755,5.003429770407133
2007-09-09,9,2007,36,0.0940665701881331,1.4109084795023121,4.168593234893197
2007-09-16,9,2007,37,0.0842696629213483,1.6490631291810078,3.9577515100344174
2007-09-23,9,2007,38,0.0693069306930693,0.9751613116274225,2.986431516858985
2007-09-30,9,2007,39,0.0659509202453988,3.6104518382517568,3.104988580896511
2007-10-07,10,2007,40,0.0603907637655417,1.6733683614991712,3.1608069050539886
2007-10-14,10,2007,41,0.0488656195462478,1.6243536112334152,2.0673591415698027
2007-10-21,10,2007,42,0.0232172470978441,2.491084935428057,1.0568239119997809
2007-10-28,10,2007,43,0.0170807453416149,1.8611868016522548,0.6604211231669291
2007-11-04,11,2007,44,0.00815660685154975,2.2001764012582243,0.37934075883762447
2007-11-11,11,2007,45,0.00451127819548872,2.6538397744236195,0.22747198066488172
2007-11-18,11,2007,46,0.00561797752808989,1.9062259868199747,0.2310576953721181
2007-11-25,11,2007,47,0.0138674884437596,2.9482400943436806,0.5896480188687353
2007-12-02,12,2007,48,0.00143884892086331,2.9339916437273685,0.06378242703755155
2007-12-09,12,2007,49,0.00803212851405622,3.476823509931057,0.401171943453583
2007-12-16,12,2007,50,0.00257731958762887,1.9333187102434761,0.0991445492432553
2007-12-23,12,2007,51,0.005457025920873121,2.0355102121517694,0.28076002926231247
2007-12-30,12,2007,52,0.00145137880986938,1.839571138364913,0.07998135384195307
2008-01-06,1,2008,1,0.0066006600660066,2.941664029416639,0.29416640294166396
2008-01-13,1,2008,2,0.00290275761973875,2.6629191711183227,0.12680567481515814
2008-01-20,1,2008,3,0.0034662045060658603,2.3140035622212545,0.15426690414808364
2008-01-27,1,2008,4,0.0045662100456621,2.390560131879022,0.23134452889151827
2008-02-03,2,2008,5,0.00165289256198347,2.2873546405324343,0.08471683853823829
2008-02-10,2,2008,6,0.0088339222614841,0.30272007749633906,0.25226673124694965
2008-02-17,2,2008,7,0.0351219512195122,0.8593238368809308,1.2374263251085418
2008-02-24,2,2008,8,0.0389064143007361,0.9335780227337269,2.4673133457962746
2008-03-02,3,2008,9,0.0339147286821705,1.1148680129391233,1.9510190226434643
2008-03-09,3,2008,10,0.0366766467065868,1.64818005558613,2.7848559559903565
2008-03-16,3,2008,11,0.044080604534005,1.725727545029051,3.3555813375564822
2008-03-23,3,2008,12,0.0518582541054451,2.087303043692546,2.783070724923396
2008-03-30,3,2008,13,0.0194730813287514,1.4146093374520428,0.7757535076349894
2008-04-06,4,2008,14,0.033033033033032996,0.9581752884431809,1.505704024696427
2008-04-13,4,2008,15,0.0217391304347826,1.206569305804989,0.8687299001795931
2008-04-20,4,2008,16,0.0360480640854473,1.7269588904974449,1.6652817872653933
2008-04-27,4,2008,17,0.0470446320868516,0.9338817910878461,2.142434697201524
2008-05-04,5,2008,18,0.0406403940886699,1.3084687414189347,2.1589734233412377
2008-05-11,5,2008,19,0.0385093167701863,1.975389313896893,1.975389313896893
2008-05-18,5,2008,20,0.0387182910547397,1.4107986846708922,1.6365264742182357
2008-05-25,5,2008,21,0.0389048991354467,1.3869550669731967,1.7021721276489261
2008-06-01,6,2008,22,0.0457063711911357,0.9427795857221271,1.7284292404905632
2008-06-08,6,2008,23,0.0436363636363636,1.8540799621294306,2.2248959545553126
2008-06-15,6,2008,24,0.0487483530961792,1.3319415414774929,2.0534098764444684
2008-06-22,6,2008,25,0.0575447570332481,0.8822766920059866,2.3354383023687895
2008-06-29,6,2008,26,0.0680100755667506,0.9968138111910677,2.691397290215882
2008-07-06,7,2008,27,0.0688775510204082,0.7317668103097807,2.469712984795514
2008-07-13,7,2008,28,0.128301886792453,0.7439803239086082,4.463881943451663
2008-07-20,7,2008,29,0.0742677824267782,0.6927853965656037,3.7836740889352276
2008-07-27,7,2008,30,0.090754877014419,0.5121634289975014,4.566790575227702
2008-08-03,8,2008,31,0.081953642384106,0.520037357785701,3.6774070300560413
2008-08-10,8,2008,32,0.0922190201729107,0.609977436815011,3.253212996346717
2008-08-17,8,2008,33,0.0828961175236096,0.49061865223332624,2.768490966173774
2008-08-24,8,2008,34,0.0838574423480084,0.443870826760629,3.550966614085049
2008-08-31,8,2008,35,0.08917954815695599,0.562783556330306,3.517397227064402
2008-09-07,9,2008,36,0.089242053789731,1.3826601989984726,3.7383035009958667
2008-09-14,9,2008,37,0.0973451327433628,0.701615143458074,3.6318901543712
2008-09-21,9,2008,38,0.0701754385964912,0.7252068517591865,2.5595535944441887
2008-09-28,9,2008,39,0.0581542351453856,1.2230123058966464,2.25034264284983
2008-10-05,10,2008,40,0.0896921017402945,0.7141541754034709,3.4177378394309
2008-10-12,10,2008,41,0.047976011994003004,0.6928988527574707,1.5837688063027913
2008-10-19,10,2008,42,0.03382949932341,0.45368332996157085,1.1342083249039272
2008-10-26,10,2008,43,0.0198581560283688,0.35104601019280934,0.614330517837414
2008-11-02,11,2008,44,0.0171073094867807,1.3132043753312022,0.6566021876656011
2008-11-09,11,2008,45,0.0111265646731572,1.0449663400265476,0.43998582737959985
2008-11-16,11,2008,46,0.0126050420168067,0.5489014586502426,0.41167609398768207
2008-11-23,11,2008,47,0.008939974457215841,0.5736194228051036,0.2868097114025515
2008-11-30,11,2008,48,0.0072463768115942,0.40178535100781876,0.24107121060469194
2008-12-07,12,2008,49,0.008939974457215841,0.2755392282850776,0.2755392282850776
2008-12-14,12,2008,50,0.00607533414337789,0.5304441420459461,0.18944433644498068
2008-12-21,12,2008,51,0.00221238938053097,0.5686100192695608,0.08123000275279434
2008-12-28,12,2008,52,0.00481347773766546,0.49864855517921697,0.132972948047791
2009-01-04,1,2009,1,0.009009009009009009,1.049355912577795,0.2532928064842955
2009-01-11,1,2009,2,0.0012886597938144301,1.3426429240862234,0.04629803186504204
2009-01-18,1,2009,3,0.00927152317880795,1.3254007928352236,0.3568386749940991
2009-01-25,1,2009,4,0.00108932461873638,0.9060800677261045,0.030202668924203393
2009-02-01,2,2009,5,0.0105882352941176,0.8442515728494009,0.39990863977076685
2009-02-08,2,2009,6,0.00347523892267593,1.0211644532387902,0.17019407553979823
2009-02-15,2,2009,7,0.00540540540540541,0.9780392338105789,0.26673797285743106
2009-02-22,2,2009,8,0.0120845921450151,1.392352626270952,0.6683292606100577
2009-03-01,3,2009,9,0.0146726862302483,1.2938512221561593,0.6728026355212013
2009-03-08,3,2009,10,0.0131108462455304,0.5345481213285106,0.5345481213285106
2009-03-15,3,2009,11,0.0286396181384248,0.8897178407348042,1.1238541146123828
2009-03-22,3,2009,12,0.0517647058823529,0.5425992416361862,1.7053119022851568
2009-03-29,3,2009,13,0.0316455696202532,0.6193447921950775,1.1059728432054952
2009-04-05,4,2009,14,0.0629274965800274,0.4843236441007739,2.4754319587372824
2009-04-12,4,2009,15,0.0765432098765432,1.082120790695422,2.9170212618746114
2009-04-19,4,2009,16,0.0358744394618834,0.5337834237095928,1.3139284275928464
2009-04-26,4,2009,17,0.0438144329896907,0.8029736723210273,1.605947344642051
2009-05-03,5,2009,18,0.0267753201396973,0.59450515513035,1.1394682139998369
2009-05-10,5,2009,19,0.0252237591537836,0.496912029673834,0.9627670574930554
2009-05-17,5,2009,20,0.0153698366954851,0.9197200963275413,0.5886208616496257
2009-05-24,5,2009,21,0.018898931799507,0.8222907165471215,0.7565074592233508
2009-05-31,5,2009,22,0.00952380952380952,0.4409246867347415,0.35825130797197796
2009-06-07,6,2009,23,0.0155091031692515,0.4200490528079729,0.6440752143055559
2009-06-14,6,2009,24,0.00509337860780985,0.4750441941908259,0.20359036893892624
2009-06-21,6,2009,25,0.00465881063305015,0.39374393325687557,0.19124705329619665
2009-06-28,6,2009,26,0.006826951617690711,0.28238148634707266,0.2706155910826112
2009-07-05,7,2009,27,0.005469462169553329,0.3626458026993063,0.2290394543364039
2009-07-12,7,2009,28,0.00181225081551287,0.2914295230351774,0.08571456559858169
2009-07-19,7,2009,29,0.0026595744680851102,0.1956160565946728,0.12226003537167067
2009-07-26,7,2009,30,0.00396196513470681,0.10759366157532425,0.19562483922786192
2009-08-02,8,2009,31,0.00414673046251994,0.21176081150931655,0.21176081150931655
2009-08-09,8,2009,32,0.00678311005596066,0.22605499174654636,0.3767583195775778
2009-08-16,8,2009,33,0.0077960387694901,0.14598113923681066,0.3600868101174665
2009-08-23,8,2009,34,0.00555144337527757,0.26586217142149565,0.3467767453323852
2009-08-30,8,2009,35,0.00962062080232347,0.15857140622631954,0.6464834253842272
2009-09-06,9,2009,36,0.0101010101010101,0.2670607345731303,0.7863454962431069
2009-09-13,9,2009,37,0.00762681802057467,0.2629281613987775,0.706619433759215
2009-09-20,9,2009,38,0.00914962325080732,0.5077192966955727,1.0357473652589695
2009-09-27,9,2009,39,0.010251954821894001,0.35035432356119517,1.215935593535914
2009-10-04,10,2009,40,0.015693112467306,0.6025278783258836,1.8075836349776477
2009-10-11,10,2009,41,0.0137504297009282,0.47019252753806545,1.1063353589130982
2009-10-18,10,2009,42,0.0164588528678304,0.469577550572757,1.0330706112600636
2009-10-25,10,2009,43,0.0126126126126126,0.46831641768350657,0.7024746265252592
2009-11-01,11,2009,44,0.0155799192152337,0.3466619220664085,0.7199901458302332
2009-11-08,11,2009,45,0.0143034825870647,0.3185162699820859,0.6104895174656655
2009-11-15,11,2009,46,0.0041379310344827605,0.20297722181604516,0.18267949963444063
2009-11-22,11,2009,47,0.01,0.22422789451417302,0.44845578902834604
2009-11-29,11,2009,48,0.00704845814977974,0.3093599960401921,0.3535542811887911
2009-12-06,12,2009,49,0.00738007380073801,0.38079536468187936,0.3263960268701824
2009-12-13,12,2009,50,0.00604490500863558,0.5550016085555153,0.2354552278720374
2009-12-20,12,2009,51,0.0106186518928901,0.698198995532417,0.5180186095885648
2009-12-27,12,2009,52,0.00749765698219306,0.43490754992178493,0.30254438255428584
2010-01-03,1,2010,1,0.005059021922428329,0.20358454087854988,0.1437067347378
2010-01-10,1,2010,2,0.0279761904761905,0.5520353302611372,1.1280721966205849
2010-01-17,1,2010,3,0.012134583563155001,0.5711406793788043,0.5983378545873184
2010-01-24,1,2010,4,0.0159659393294305,0.4802688599875509,0.6860983714107839
2010-01-31,1,2010,5,0.024223602484471998,0.8268908782088874,0.8957984513929581
2010-02-07,2,2010,6,0.0280316879951249,1.1269911540234454,1.4811883738593816
2010-02-14,2,2010,7,0.0232850849590938,0.8490431679109158,1.2565838885081566
2010-02-21,2,2010,8,0.0474732006125574,0.22942515707494035,2.0320513912351843
2010-02-28,2,2010,9,0.0490830636461704,0.7137211289150781,2.7061926138030077
2010-03-07,3,2010,10,0.041988416988417,0.36997748538698244,2.1458694152444986
2010-03-14,3,2010,11,0.0734649122807018,0.782785598465398,3.7461882212272535
2010-03-21,3,2010,12,0.0493887530562347,0.5202205652098071,2.919015393677249
2010-03-28,3,2010,13,0.0537960954446855,0.5730307905137799,3.2298099101685804
2010-04-04,4,2010,14,0.0663038099950519,0.6835207069951567,3.522760566821185
2010-04-11,4,2010,15,0.0215873015873016,0.2857142857142855,1.07936507936508
2010-04-18,4,2010,16,0.041556728232190004,1.0196456049594207,2.1412557704147797
2010-04-25,4,2010,17,0.0191082802547771,0.7384635200273371,0.9230794000341702
2010-05-02,5,2010,18,0.0151171579743008,0.9849259450334463,0.757635342333418
2010-05-09,5,2010,19,0.0124703087885986,0.8767142853080129,0.5939032255312362
2010-05-16,5,2010,20,0.0118430792005922,1.015024726474443,0.5800141294139687
2010-05-23,5,2010,21,0.0105691056910569,1.104514801918942,0.5743476969978498
2010-05-30,5,2010,22,0.0195208518189885,1.5859180470802638,0.8946204368145106
2010-06-06,6,2010,23,0.0149082568807339,2.037489274635338,0.6306514421490312
2010-06-13,6,2010,24,0.0106635071090047,1.773791815131284,0.5701473691493385
2010-06-20,6,2010,25,0.00223463687150838,1.773211199478498,0.09093390766556404
2010-06-27,6,2010,26,0.0124434389140271,2.412196608554902,0.5527950561271623
2010-07-04,7,2010,27,0.0122950819672131,2.605815545037564,0.5454032536125129
2010-07-11,7,2010,28,0.0103448275862069,2.0892983111332386,0.494833810531557
2010-07-18,7,2010,29,0.012263099219621001,1.6973084625685142,0.4913261339014136
2010-07-25,7,2010,30,0.00853788687299893,2.034300674309291,0.43984879444525155
2010-08-01,8,2010,31,0.0021459227467811198,1.6050178737129455,0.11464413383663925
2010-08-08,8,2010,32,0.00980392156862745,1.5570934256055353,0.4579686545898638
2010-08-15,8,2010,33,0.008733624454148471,1.4854099137814734,0.3622951009223109
2010-08-22,8,2010,34,0.008892481810832659,0.7635653280811139,0.3359687443556899
2010-08-29,8,2010,35,0.0143934201507882,1.369627684139715,0.798949482414832
2010-09-05,9,2010,36,0.0151619572708477,0.7013349135599315,0.7714684049159277
2010-09-12,9,2010,37,0.0134589502018843,1.0422749282946175,0.8017499448420177
2010-09-19,9,2010,38,0.0141025641025641,1.2233835788018863,0.8155890525345888
2010-09-26,9,2010,39,0.0185897435897436,1.7150201209363085,1.1303541706171132
2010-10-03,10,2010,40,0.0146137787056367,1.0569805976904092,0.7398864183832843
2010-10-10,10,2010,41,0.0268172194777699,0.8763865650044295,1.2334329433395648
2010-10-17,10,2010,42,0.0293417922283902,1.283785172804537,1.4843766060552481
2010-10-24,10,2010,43,0.0323854660347551,1.5786248654187676,1.6180904870542354
2010-10-31,10,2010,44,0.0368525896414343,2.4423573826408593,1.737831214571381
2010-11-07,11,2010,45,0.0351035103510351,1.9806302358927375,1.4854726769195532
2010-11-14,11,2010,46,0.0406001765225066,1.3750453408204,1.1713349199581173
2010-11-21,11,2010,47,0.0267085624509034,2.2655335583987752,1.069835291466089
2010-11-28,11,2010,48,0.0465116279069767,2.074392859565775,1.6710386924279848
2010-12-05,12,2010,49,0.0474631751227496,2.4883644123280346,1.804064198937824
2010-12-12,12,2010,50,0.0375626043405676,2.723320973453933,1.4945054122613046
2010-12-19,12,2010,51,0.0443886097152429,3.0295495558191,1.8890132524519103
2010-12-26,12,2010,52,0.0428455941794664,2.916202175469943,1.9815219910244477
2011-01-02,1,2011,1,0.04296875,3.2002217060810816,1.8774634009009012
2011-01-09,1,2011,2,0.0613057324840764,4.3231055132327505,2.894601082773233
2011-01-16,1,2011,3,0.0347277032359905,3.8509354986400464,1.7289914483689997
2011-01-23,1,2011,4,0.0365926814637073,2.762605373662111,2.407413254191269
2011-01-30,1,2011,5,0.0293706293706294,1.7952003486128134,2.094400406714949
2011-02-06,2,2011,6,0.0388951521984216,1.551854744683507,1.8461720238476185
2011-02-13,2,2011,7,0.0300909727081875,1.9185389551291272,1.4731638405455783
2011-02-20,2,2011,8,0.027027027027027,2.842553200055155,1.7271209316790794
2011-02-27,2,2011,9,0.03243917654398,2.7252635153032556,1.9682458721634593
2011-03-06,3,2011,10,0.0409577819785759,1.3499760569049364,1.7205577195847226
2011-03-13,3,2011,11,0.0593677717810332,1.714859565287784,2.4452627134659184
2011-03-20,3,2011,12,0.0470275066548358,1.9557804352557817,1.6718768236863912
2011-03-27,3,2011,13,0.0409982174688057,2.2060713382995485,1.812130027888915
2011-04-03,4,2011,14,0.0443886097152429,1.5179505961389654,2.117141620930665
2011-04-10,4,2011,15,0.0491228070175439,1.7561307545342741,2.235075505770895
2011-04-17,4,2011,16,0.046530612244898,2.986185278970257,2.2396389592276953
2011-04-24,4,2011,17,0.0376984126984127,3.3601470866623595,1.74911766155027
2011-05-01,5,2011,18,0.0317460317460317,2.2518655086504786,1.1748863523393793
2011-05-08,5,2011,19,0.0266240681576145,3.07109653765418,1.0517453896075963
2011-05-15,5,2011,20,0.0357142857142857,3.1859463271611768,1.5091324707605565
2011-05-22,5,2011,21,0.0465587044534413,3.4580600386392257,2.065854049057199
2011-05-29,5,2011,22,0.0364826941066417,2.6605032376234723,1.4822803752473617
2011-06-05,6,2011,23,0.0287037037037037,4.18978131532401,1.311951725000447
2011-06-12,6,2011,24,0.0156555772994129,3.8539367947703718,0.6928425698463587
2011-06-19,6,2011,25,0.0244399185336049,4.1037136849199864,0.9470108503661527
2011-06-26,6,2011,26,0.01806684733514,4.51092906461617,0.7456081098539125
2011-07-03,7,2011,27,0.0312825860271116,5.0901482460150556,1.0388057644928672
2011-07-10,7,2011,28,0.0550098231827112,6.563247972096325,2.227526584469057
2011-07-17,7,2011,29,0.0458624127617149,3.883686965402117,1.717784619312473
2011-07-24,7,2011,30,0.047418335089568005,4.619660664925687,1.718055619187246
2011-07-31,7,2011,31,0.0769230769230769,4.017515100479002,2.435816242022699
2011-08-07,8,2011,32,0.0849462365591398,3.3045977011494303,2.8071313805462905
2011-08-14,8,2011,33,0.0961337513061651,2.2894669846768543,2.966633275919304
2011-08-21,8,2011,34,0.113886113886114,1.9462439618578713,3.637242813963897
2011-08-28,8,2011,35,0.12100677637947699,1.9819877685662275,4.587934649458847
2011-09-04,9,2011,36,0.139382600561272,1.620246812611917,5.248190762590765
2011-09-11,9,2011,37,0.11436950146627599,1.88794010308006,4.908644268008171
2011-09-18,9,2011,38,0.10663082437276,1.5252399339231617,4.22101284039201
2011-09-25,9,2011,39,0.094876660341556,1.0024071180962977,4.009628472385191
2011-10-02,10,2011,40,0.0681341719077568,0.9234959764182036,2.72851083941742
2011-10-09,10,2011,41,0.0677361853832442,1.0912766788430182,2.4393243409432173
2011-10-16,10,2011,42,0.0517970401691332,1.5829407282600547,1.9888229662754535
2011-10-23,10,2011,43,0.0325865580448065,1.1329346732034191,1.2084636514169802
2011-10-30,10,2011,44,0.0394866732477789,0.9476525898713526,1.516244143794165
2011-11-06,11,2011,45,0.0200956937799043,0.9869180687844613,0.7146648084301269
2011-11-13,11,2011,46,0.0158061116965227,0.8789409559234763,0.5273645735540877
2011-11-20,11,2011,47,0.021415270018622,1.046812980724785,0.7523968298959401
2011-11-27,11,2011,48,0.0213849287169043,0.925011253135638,0.8093848464936838
2011-12-04,12,2011,49,0.0075685903500473,1.2219761148648938,0.2875237917329164
2011-12-11,12,2011,50,0.0109670987038883,1.224748293389292,0.4345881041058762
2011-12-18,12,2011,51,0.010213556174559,1.5241498922583698,0.4412012846011089
2011-12-25,12,2011,52,0.00815660685154975,0.9167756461246009,0.2696398959189998
2012-01-01,1,2011,53,0.007493755203996671,0.8459040922126408,0.2819680307375471
2012-01-08,1,2012,1,0.00798580301685892,1.1802322128251594,0.24702534687038208
2012-01-15,1,2012,2,0.0100824931255729,1.382044666604552,0.41087814412567847
2012-01-22,1,2012,3,0.0100083402835696,0.62701574380739,0.3135078719036934
2012-01-29,1,2012,4,0.00615655233069481,0.6237377685183143,0.256833198801658
2012-02-05,2,2012,5,0.0171115674195756,1.1677627891768683,0.8341162779834753
2012-02-12,2,2012,6,0.0121561100447857,0.6113136087440075,0.5807479283068089
2012-02-19,2,2012,7,0.0179710144927536,0.8435335894168273,1.045981650876865
2012-02-26,2,2012,8,0.0358637178720861,0.8479572385236153,2.0350973724566734
2012-03-04,3,2012,9,0.045398773006135,0.6470133920114253,2.2799519528021643
2012-03-11,3,2012,10,0.0504158004158004,0.602142375625254,2.539470018941278
2012-03-18,3,2012,11,0.0612668743509865,0.5924283225091109,3.3288829550511827
2012-03-25,3,2012,12,0.0565947242206235,0.47702594052717895,2.9625821569582698
2012-04-01,4,2012,13,0.0655737704918033,0.3242551930118599,3.026381801444027
2012-04-08,4,2012,14,0.0639658848614073,0.5465127480451081,2.9809786257005904
2012-04-15,4,2012,15,0.0450874831763122,0.6208102030022496,1.8906492545977553
2012-04-22,4,2012,16,0.039820166987797,0.33916550926655514,1.6175585826558758
2012-04-29,4,2012,17,0.0330857528696826,0.49592388712772284,1.8692515745583376
2012-05-06,5,2012,18,0.0432321152856408,0.7109719097786034,2.13291572933581
2012-05-13,5,2012,19,0.033538025507794,0.6368704995963308,1.8840752279724733
2012-05-20,5,2012,20,0.0211267605633803,0.38853557819735557,1.2384571555040713
2012-05-27,5,2012,21,0.0245261984392419,0.5460791655221424,1.6382374965664255
2012-06-03,6,2012,22,0.0222130810366104,0.5260504129972597,1.1836134292438327
2012-06-10,6,2012,23,0.0256615878107458,0.6928550228734014,1.3041976901146384
2012-06-17,6,2012,24,0.0193780982424516,0.5204848535306132,0.8608018731467861
2012-06-24,6,2012,25,0.0174746335963923,0.9253948772961982,0.7549273998995291
2012-07-01,7,2012,26,0.0182094081942337,0.48160119993396916,0.5978497654352725
2012-07-08,7,2012,27,0.025,0.6276115753911792,0.8833051801801801
2012-07-15,7,2012,28,0.029796511627907002,0.78908499256299,1.1982401738919497
2012-07-22,7,2012,29,0.0279411764705882,0.8333674933387968,0.8333674933387968
2012-07-29,7,2012,30,0.0318725099601594,1.1968068864944856,1.1676164746287696
2012-08-05,8,2012,31,0.0274480712166172,0.7691919821368619,0.6776215080729493
2012-08-12,8,2012,32,0.0320366132723112,0.4771754197497188,0.6262927384215059
2012-08-19,8,2012,33,0.0360655737704918,0.22163014361633276,0.9751726319118642
2012-08-26,8,2012,34,0.0394736842105263,0.47416699874321616,1.3434731631057824
2012-09-02,9,2012,35,0.0337349397590361,0.2586777889843913,0.9876788306676745
2012-09-09,9,2012,36,0.0424808836023789,0.1161139962981751,0.8293856878441073
2012-09-16,9,2012,37,0.0340248962655602,0.36784473392440636,1.2568028409083893
2012-09-23,9,2012,38,0.0305514157973174,0.2473987187706692,1.0143347469597424
2012-09-30,9,2012,39,0.0396119644300728,0.217648156209191,1.5235370934643402
2012-10-07,10,2012,40,0.032618025751073,0.2572208290891454,1.221798938173442
2012-10-14,10,2012,41,0.029023746701846997,0.7067225261617975,0.9717434734724711
2012-10-21,10,2012,42,0.0109704641350211,0.7412400054458461,0.3568933359554071
2012-10-28,10,2012,43,0.0119815668202765,0.31768418537200216,0.4588771566484474
2012-11-04,11,2012,44,0.0144230769230769,0.23358484103638646,0.5005389450779703
2012-11-11,11,2012,45,0.0126382306477093,0.37592385909355364,0.4009854496997895
2012-11-18,11,2012,46,0.0117154811715481,0.4307537765443497,0.37690955447630636
2012-11-25,11,2012,47,0.0114942528735632,0.6673495315001345,0.3850093450962304
2012-12-02,12,2012,48,0.0107883817427386,0.8161566462705021,0.3536678800505509
2012-12-09,12,2012,49,0.0118764845605701,0.791765637371339,0.4241601628775034
2012-12-16,12,2012,50,0.0164403145103645,0.5799013947691574,0.6351300990328845
2012-12-23,12,2012,51,0.0237099023709902,0.5738620149764265,0.9755654254599263
2012-12-30,12,2012,52,0.0219033232628399,0.4391035585299043,0.7958751998354527
2013-01-06,1,2013,1,0.0293637846655791,0.8927267779340001,1.0043176251757502
2013-01-13,1,2013,2,0.0403899721448468,0.5584961383348088,1.3496990009757857
2013-01-20,1,2013,3,0.0368722186904005,0.6733067042486557,1.3466134084973074
2013-01-27,1,2013,4,0.0399500624219725,0.6539298133806234,1.7438128356816607
2013-02-03,2,2013,5,0.0428388746803069,0.7174750959497473,1.71681540816547
2013-02-10,2,2013,6,0.0452625226312613,0.5277520991491023,1.0697677685454763
2013-02-17,2,2013,7,0.0427586206896552,0.0,0.8767252426755457
2013-02-24,2,2013,8,0.0453446191051995,1.6085174956766968,1.977685445504133
2013-03-03,3,2013,9,0.0342661336379212,0.43512550651328463,1.6317206494248186
2013-03-10,3,2013,10,0.0395280235988201,0.5890542887740358,1.879363683231442
2013-03-17,3,2013,11,0.0351473922902494,0.4393947644739328,1.4338144945991536
2013-03-24,3,2013,12,0.044404973357016,1.7176142921647228,2.1118208510221987
2013-03-31,3,2013,13,0.0320213475650434,0.5732836171519424,1.7198508514558324
2013-04-07,4,2013,14,0.0187096774193548,0.7288167817985947,0.9189428987895276
2013-04-14,4,2013,15,0.0208216094541362,0.28804598059081676,0.7612643772757308
2013-04-21,4,2013,16,0.0199246095853527,0.3342997253771458,1.0307574865795315
2013-04-28,4,2013,17,0.0237953599048186,0.29788265362328414,0.7447066340582119
2013-05-05,5,2013,18,0.0261127596439169,0.25318695746093334,0.8569404714062355
2013-05-12,5,2013,19,0.0204081632653061,0.6054113625199598,0.9081170437799418
2013-05-19,5,2013,20,0.0175675675675676,0.5507419624479807,0.7536468959814508
2013-05-26,5,2013,21,0.0212234706616729,0.3836928743771684,0.8697038485882485
2013-06-02,6,2013,22,0.0220125786163522,0.5643905131532174,0.9406508552553637
2013-06-09,6,2013,23,0.0271668822768435,0.9958958101099874,1.1304763249897165
2013-06-16,6,2013,24,0.0307101727447217,0.5301809453622087,1.2118421608279095
2013-06-23,6,2013,25,0.0412105602060528,0.7767768320161643,1.6571239083011462
2013-06-30,6,2013,26,0.0418848167539267,1.0658293170602038,1.7490532382526407
2013-07-07,7,2013,27,0.0517368810051737,0.9055559479631317,2.535556654296775
2013-07-14,7,2013,28,0.0629757785467128,0.7258695670870324,2.2018043534973297
2013-07-21,7,2013,29,0.0704022988505747,0.97962382445141,2.742946708463952
2013-07-28,7,2013,30,0.0347411444141689,0.7125511611733727,1.2113369739947335
2013-08-04,8,2013,31,0.0640456563094483,0.7299170175590641,2.3038005866708002
2013-08-11,8,2013,32,0.0550568521843208,0.406101883539214,2.0756318492004193
2013-08-18,8,2013,33,0.0816696914700544,0.3719202253765251,2.953484142695933
2013-08-25,8,2013,34,0.0719471947194719,0.40141284679146233,2.916933353351292
2013-09-01,9,2013,35,0.0446487196323047,0.613635157191338,1.8142256821309175
2013-09-08,9,2013,36,0.0562934851359899,0.5748949455464335,2.1319020897346856
2013-09-15,9,2013,37,0.043452380952381006,0.39572999038348433,1.3131040589997445
2013-09-22,9,2013,38,0.0350665054413543,0.39291420551587714,1.519268261328059
2013-09-29,9,2013,39,0.0272463768115942,0.3103639386661757,0.810394728739455
2013-10-06,10,2013,40,0.0210057288351369,0.5370037929990428,1.0424191275863814
2013-10-13,10,2013,41,0.008097165991902829,0.6117297461731436,0.33367077063989686
2013-10-20,10,2013,42,0.0089086859688196,0.6696870531201241,0.3652838471564321
2013-10-27,10,2013,43,0.00646087580760948,0.8572294533270232,0.24887306709494206
2013-11-03,11,2013,44,0.0019672131147541,1.0736711558490806,0.08705441804181746
2013-11-10,11,2013,45,0.00135685210312076,0.8684008462355065,0.04824449145752809
2013-11-17,11,2013,46,0.00229709035222052,1.1405971896898224,0.07776799020612425
2013-11-24,11,2013,47,0.0020746887966805,0.9266844708385199,0.06950133531288907
2013-12-01,12,2013,48,0.00309981401115933,0.8627884518547408,0.11659303403442467
2013-12-08,12,2013,49,0.0041279669762641896,1.1583518900153544,0.13831067343466916
2013-12-15,12,2013,50,0.0018256503879507102,0.7599743577437142,0.06908857797670133
2013-12-22,12,2013,51,0.00211528291909043,0.9828068224137136,0.07708288803244807
2013-12-29,12,2013,52,0.00364393545028631,0.5241658473845294,0.12230536438972321
2014-01-05,1,2014,1,0.00277264325323475,0.8103085272926177,0.12466285035271023
2014-01-12,1,2014,2,0.0024875621890547302,0.5987140004431807,0.10885709098966934
2014-01-19,1,2014,3,0.00173385348938015,0.6425041726207973,0.09178631037439997
2014-01-26,1,2014,4,0.00772499034376207,0.3911773355712738,0.3911773355712738
2014-02-02,2,2014,5,0.004484304932735429,0.3071348342375235,0.21680105946178138
2014-02-09,2,2014,6,0.00394477317554241,0.528430172356308,0.23485785438058168
2014-02-16,2,2014,7,0.00811437403400309,0.5762501437671254,0.2881250718835624
2014-02-23,2,2014,8,0.0114623133032303,0.7540910168055508,0.5409783381431125
2014-03-02,3,2014,9,0.0159611380985427,0.5986677921315324,0.7649644010569595
2014-03-09,3,2014,10,0.0190779014308426,0.47674755776864713,0.7151213366529687
2014-03-16,3,2014,11,0.0291820797369503,0.6361364744832764,1.613060346011172
2014-03-23,3,2014,12,0.0379945162553858,0.7050221255471428,1.953918462230651
2014-03-30,3,2014,13,0.06000789577576,0.8679143711955631,2.867890965689682
2014-04-06,4,2014,14,0.0585544373284538,0.8268646927647351,2.645967016847154
2014-04-13,4,2014,15,0.072884012539185,0.8394269358006582,3.186396123651488
2014-04-20,4,2014,16,0.0632308358596795,0.8912435025249884,2.7685436461414574
2014-04-27,4,2014,17,0.064431867653461,0.5091075187772837,3.2759962077842713
2014-05-04,5,2014,18,0.0533515731874145,1.221094594806484,2.0705517042370802
2014-05-11,5,2014,19,0.0393171236420072,0.8654448011644781,1.6443451222125063
2014-05-18,5,2014,20,0.0333507034914018,0.6081258757779142,1.1120016014224752
2014-05-25,5,2014,21,0.0360040567951318,1.2010813163508074,1.5227995260876284
2014-06-01,6,2014,22,0.0504609412906356,1.5486045095531655,2.5164823280238897
2014-06-08,6,2014,23,0.0534709193245779,1.4321247502230798,3.0233744726931695
2014-06-15,6,2014,24,0.054512139257902,1.5513504068457746,2.52891367691298
2014-06-22,6,2014,25,0.04345703125,1.3073656186612574,2.1155552738336714
2014-06-29,6,2014,26,0.0367123287671233,1.7590958272704043,1.5306418237287938
2014-07-06,7,2014,27,0.0417782538832351,1.4513537329163564,1.3476856091366145
2014-07-13,7,2014,28,0.0488431876606684,2.050252342212959,1.9674138637397072
2014-07-20,7,2014,29,0.0524948024948025,1.537807835517758,2.127651936812243
2014-07-27,7,2014,30,0.0480324074074074,1.7551046684964482,1.50179059263098
2014-08-03,8,2014,31,0.0479812755997659,0.9760878712157746,1.096427471776622
2014-08-10,8,2014,32,0.043557168784029,0.8157092528003745,0.7162325146539872
2014-08-17,8,2014,33,0.0432537120723047,0.38690700821957585,0.43204615917852573
2014-08-24,8,2014,34,0.0351351351351351,1.0107680709481701,1.0726518303939758
2014-08-31,8,2014,35,0.0372405372405372,1.177408317925842,1.1222173030230662
2014-09-07,9,2014,36,0.0401301518438178,0.9020913706509204,1.335095228563365
2014-09-14,9,2014,37,0.0422077922077922,1.3458225667528025,1.908621094667608
2014-09-21,9,2014,38,0.0271934325295023,1.6879580221032235,1.2089429077225788
2014-09-28,9,2014,39,0.0302571860816944,0.7352655217409322,0.7477276492280666
2014-10-05,10,2014,40,0.0449790794979079,1.0304162156156838,1.3226237991484882
2014-10-12,10,2014,41,0.0350026925148088,1.0963077118178655,0.9629729901102874
2014-10-19,10,2014,42,0.0194942044257113,1.5770376897539606,0.7030168014565865
2014-10-26,10,2014,43,0.0189204229271007,1.1319944343930588,0.7261851088559242
2014-11-02,11,2014,44,0.0132517838939857,2.052438522257714,0.5617200166178989
2014-11-09,11,2014,45,0.014765784114053002,2.210213867885257,0.6104400206540253
2014-11-16,11,2014,46,0.0132450331125828,1.9690494406515628,0.40738953944515155
2014-11-23,11,2014,47,0.0133206470028544,2.0424319343973893,0.6083839804587963
2014-11-30,11,2014,48,0.0154205607476636,2.8885177055918727,0.7625686742762573
2014-12-07,12,2014,49,0.0180929095354523,2.2232919923483276,0.7030923394605816
2014-12-14,12,2014,50,0.0254865616311399,2.0308526106801916,0.9308074465617525
2014-12-21,12,2014,51,0.0210703750526759,2.9966230045450133,1.0702225016232176
2014-12-28,12,2014,52,0.018436873747495,1.1633861150451952,0.6013006886750457
2015-01-04,1,2015,1,0.0166177908113392,1.722667003486633,0.6556419192374493
2015-01-11,1,2015,2,0.0190987764846315,1.6245054875669933,0.990174773374169
2015-01-18,1,2015,3,0.0144457547169811,1.8784829283471476,0.8367787589909993
2015-01-25,1,2015,4,0.0162224797219003,1.6079321888314058,1.1255525321819815
2015-02-01,2,2015,5,0.0161943319838057,0.9654771414182354,0.9890253643796585
2015-02-08,2,2015,6,0.0142150803461063,1.28790275865844,1.0098328448571847
2015-02-15,2,2015,7,0.0193548387096774,1.3876534869610382,1.3286044024095005
2015-02-22,2,2015,8,0.0172882193134107,0.49302894976184025,0.3671492179077529
2015-03-01,3,2015,9,0.0254560882477726,0.7986430654870259,1.1274960924522692
2015-03-08,3,2015,10,0.0168878166465621,0.72301251878151,0.8879101107843103
2015-03-15,3,2015,11,0.0189473684210526,0.4470165951155516,0.7314817010981711
2015-03-22,3,2015,12,0.023698998289762997,0.39150337759547826,0.8255614701469873
2015-03-29,3,2015,13,0.0282967032967033,0.6279434850863437,1.13470489410339
2015-04-05,4,2015,14,0.0289121792555114,0.570049973416451,1.2001052071925298
2015-04-12,4,2015,15,0.0337937839171189,0.4001657533758724,1.4057104669870395
2015-04-19,4,2015,16,0.0393893129770992,0.4673513097918598,1.6294140260310805
2015-04-26,4,2015,17,0.0268347882314905,0.34890348150378503,1.2590864767310515
2015-05-03,5,2015,18,0.0361324857811977,0.5086622673565987,1.5259868020697962
2015-05-10,5,2015,19,0.0321380243572395,0.49806954600191183,1.3916649079465184
2015-05-17,5,2015,20,0.0309565217391304,0.5251201859580555,1.335305615721907
2015-05-24,5,2015,21,0.0326633165829146,0.7956448911222754,1.9053601340033508
2015-05-31,5,2015,22,0.0401619979750253,0.6201289972319102,2.0498708519610385
2015-06-07,6,2015,23,0.0368594545999401,0.7955223858804751,1.6870560941948065
2015-06-14,6,2015,24,0.0327653997378768,0.9392363760246257,1.9246647049684928
2015-06-21,6,2015,25,0.0385057471264368,0.8230633031222029,2.0424163447847326
2015-06-28,6,2015,26,0.0364659813999021,0.7050661329123515,1.9100882509807324
2015-07-05,7,2015,27,0.0444444444444444,0.5625174772487893,2.0788689376585623
2015-07-12,7,2015,28,0.0508771929824561,0.7463281452400383,2.061287258282014
2015-07-19,7,2015,29,0.05430006277463901,0.6581578691271769,2.6479374734651477
2015-07-26,7,2015,30,0.0526315789473684,0.36667280357902243,1.8586517974522887
2015-08-02,8,2015,31,0.0403715612718828,0.42692695729157487,1.2695459519459982
2015-08-09,8,2015,32,0.0458937198067633,0.397659198370366,1.65277104322684
2015-08-16,8,2015,33,0.0454387790496011,0.37391910287995084,1.3606500688131558
2015-08-23,8,2015,34,0.0523278183916891,0.3940495210973793,1.5761980843895143
2015-08-30,8,2015,35,0.0405944182674882,0.7852671689486904,1.794896386168434
2015-09-06,9,2015,36,0.0475809676129548,0.5260485733764071,1.788565149479778
2015-09-13,9,2015,37,0.0472086923941551,0.5030667202625422,1.9208002046388029
2015-09-20,9,2015,38,0.0437457279562543,0.555060976263769,2.152963786720076
2015-09-27,9,2015,39,0.0310734463276836,0.5868594996712219,1.2010147900248287
2015-10-04,10,2015,40,0.0399104811637449,0.6656517644141915,1.9249929403329387
2015-10-11,10,2015,41,0.0332348596750369,0.6588408305624072,1.3176816611248106
2015-10-18,10,2015,42,0.0269188795925791,0.49730396784101016,1.022235933895409
2015-10-25,10,2015,43,0.0221453287197232,0.8061209809617655,0.9380316869373284
2015-11-01,11,2015,44,0.0226726210924081,0.46793129598746563,0.7720866383793201
2015-11-08,11,2015,45,0.0143786374529271,0.6758096904159396,0.556549156813127
2015-11-15,11,2015,46,0.0135617416131335,0.7645398779391238,0.6315764209062322
2015-11-22,11,2015,47,0.0155234657039711,0.6114036688671557,0.6412282380801868
2015-11-29,11,2015,48,0.0193409742120344,0.747189299045765,0.8234331050708459
2015-12-06,12,2015,49,0.0188929400066291,0.7856713193140099,0.895665304017972
2015-12-13,12,2015,50,0.0170494084899095,0.6694157958991321,0.7809850952156551
2015-12-20,12,2015,51,0.0181995450113747,0.7381273829158387,0.8267026688657385
2015-12-27,12,2015,52,0.0129950495049505,0.3699479506111113,0.5179271308555561
2016-01-03,1,2016,1,0.0249679897567221,0.517556922563045,1.1534125702833569
2016-01-10,1,2016,2,0.0280898876404494,0.5482323367929541,1.1213843252583104
2016-01-17,1,2016,3,0.0310077519379845,0.6967527614651146,1.7150837205295133
2016-01-24,1,2016,4,0.038109756097561,0.9893591582974629,2.63127435717411
2016-01-31,1,2016,5,0.0367543115634719,0.23778663108359574,1.4720124781365471
2016-02-07,2,2016,6,0.0398983481575604,0.6652625715827395,2.131555586499803
2016-02-14,2,2016,7,0.0402728873239437,0.6741217157075338,2.2029334638299836
2016-02-21,2,2016,8,0.0447303921568627,0.5932928727046379,2.1300186741363185
2016-02-28,2,2016,9,0.0383141762452107,0.8741796485055463,2.59522083150083
2016-03-06,3,2016,10,0.0360078277886497,1.0628247520075618,2.963026581354404
2016-03-13,3,2016,11,0.0337561814663513,0.8448001609758501,2.3684575941644384
2016-03-20,3,2016,12,0.0390864139392512,1.0334812031449612,2.723140947969269
2016-03-27,3,2016,13,0.0456649182351126,1.3685230620816937,2.7370461241633874
2016-04-03,4,2016,14,0.0369808458183197,0.8271783639318774,2.520309077604938
2016-04-10,4,2016,15,0.0286126472709786,1.0584144939184297,1.657254273372279
2016-04-17,4,2016,16,0.0324324324324324,1.092340406039408,1.8972228104894933
2016-04-24,4,2016,17,0.0417881438289602,0.6286031998339295,2.51441279933573
2016-05-01,5,2016,18,0.0414555504375864,0.7188376309373734,2.270013571381172
2016-05-08,5,2016,19,0.0380881254667662,0.6538093673070738,1.6398825114423345
2016-05-15,5,2016,20,0.0459970887918486,0.7950742614761167,1.9939957668766084
2016-05-22,5,2016,21,0.0362030905077263,1.2432319638013005,1.5446215307834363
2016-05-29,5,2016,22,0.0325138778747026,0.9351049497613948,1.3220449289730039
2016-06-05,6,2016,23,0.0315291644771414,1.2396793325791668,1.4034105651839643
2016-06-12,6,2016,24,0.036319612590798994,1.045026855218429,1.1830492700585982
2016-06-19,6,2016,25,0.036480686695279,1.2946504920672397,1.439844939775718
2016-06-26,6,2016,26,0.029232995658466,1.763222769648686,1.328996266675504
2016-07-03,7,2016,27,0.0352112676056338,2.1713672406329363,1.7272239414125632
2016-07-10,7,2016,28,0.0453514739229025,1.3516433098753946,1.6312936498496147
2016-07-17,7,2016,29,0.0417181705809642,1.716783306480316,1.8997192325806795
2016-07-24,7,2016,30,0.0464753587024329,2.6813687710297955,2.512729225682005
2016-07-31,7,2016,31,0.0501455839534131,1.9401254621091597,2.4649134969419664
2016-08-07,8,2016,32,0.0484349258649094,0.970631818409833,1.2407206722282234
2016-08-14,8,2016,33,0.0367816091954023,1.3776165539825238,1.607219312979612
2016-08-21,8,2016,34,0.0383128295254833,1.0445469963360436,1.355424078578913
2016-08-28,8,2016,35,0.0378343118069145,1.3164174256781165,1.6419830255770052
2016-09-04,9,2016,36,0.0347107438016529,0.9009036842511792,1.7517571638217364
2016-09-11,9,2016,37,0.0328947368421053,0.9914178800943615,1.5252582770682517
2016-09-18,9,2016,38,0.0330528846153846,0.7591212775244944,1.5755347269376263
2016-09-25,9,2016,39,0.0325451309433003,0.8814306297143835,1.7357403169760148
2016-10-02,10,2016,40,0.0270928462709285,0.9246118518428308,1.5238973113705898
2016-10-09,10,2016,41,0.0246516613076099,1.021191637333185,1.286981241570593
2016-10-16,10,2016,42,0.0220303661804108,1.2114394520254983,1.0800785475889982
2016-10-23,10,2016,43,0.0206119162640902,1.2215861018152365,0.977268881452191
2016-10-30,10,2016,44,0.0184304399524376,1.7209622230050654,0.8966357800530611
2016-11-06,11,2016,45,0.0225197808886184,1.5088192411382382,1.0735829215791326
2016-11-13,11,2016,46,0.0199238206856138,1.526648605716531,0.9524046347589346
2016-11-20,11,2016,47,0.0222965440356745,1.604902246863143,1.222782664276684
2016-11-27,11,2016,48,0.0184757505773672,1.340199165822421,0.857727466126348
2016-12-04,12,2016,49,0.027564649048025004,1.2189318436159762,1.2993009761620864
2016-12-11,12,2016,50,0.0166803390757451,1.4737520128824457,0.8481025734512168
2016-12-18,12,2016,51,0.0155837295298468,1.5058019718617854,0.7529009859308927
2016-12-25,12,2016,52,0.0188679245283019,0.9789603588136387,0.5823126272253552
2017-01-01,1,2016,53,0.0202394526795895,1.3817432702446137,0.7160859283749463
2017-01-08,1,2017,1,0.0198570293884035,1.745047597595817,0.812910371550846
2017-01-15,1,2017,2,0.0202550637659415,1.031474422298047,0.6792636439523726
2017-01-22,1,2017,3,0.0253968253968254,1.2701789337137692,0.9994850625944408
2017-01-29,1,2017,4,0.0251154734411085,1.1510993604734314,1.001456443611882
2017-02-05,2,2017,5,0.0301929625425653,0.6573399158495493,0.8487981437668964
2017-02-12,2,2017,6,0.0282651072124756,1.143580632645145,1.3818265977795474
2017-02-19,2,2017,7,0.017343787122832,1.3836640687336503,0.9712257405534255
2017-02-26,2,2017,8,0.0222170793797732,0.6845309431278227,1.1528942200047574
2017-03-05,3,2017,9,0.0231537899098221,0.9429844973566965,1.2617398204068473
2017-03-12,3,2017,10,0.0206063477025107,1.4269627583218512,1.21711529386276
2017-03-19,3,2017,11,0.0230381569474442,1.0588585398491046,1.3375055240199187
2017-03-26,3,2017,12,0.0192918192918193,1.1152126767213106,1.0744122129388256
2017-04-02,4,2017,13,0.0204081632653061,0.8875491882321883,0.9091967294085805
2017-04-09,4,2017,14,0.0237512242899119,1.5888843978901053,1.3519454964503546
2017-04-16,4,2017,15,0.0196752029981262,1.0154305557953025,0.7707484941578812
2017-04-23,4,2017,16,0.0262573217531812,1.0337953162365219,0.8295888340169622
2017-04-30,4,2017,17,0.024822695035461,1.6439617148486452,1.2392942158089775
2017-05-07,5,2017,18,0.0186847852462994,1.656858615308798,1.0125247093553735
2017-05-14,5,2017,19,0.019485205677171002,1.513572042578333,0.9887043181358441
2017-05-21,5,2017,20,0.0203847915712322,1.5953358209523831,1.1358791045180954
2017-05-28,5,2017,21,0.0154125113327289,1.2899144675998202,0.783162355328462
2017-06-04,6,2017,22,0.0138563206139416,1.6902438734070122,0.7737031814891256
2017-06-11,6,2017,23,0.013689407540395002,1.3614049964557093,0.6061730276189663
2017-06-18,6,2017,24,0.0182885527207044,1.6513863408136773,0.9419879831401944
2017-06-25,6,2017,25,0.0177887863093898,1.7291337749506603,1.0194146882171813
2017-07-02,7,2017,26,0.0231415113659635,2.4813029229748436,1.5577068349786483
2017-07-09,7,2017,27,0.0271412319193889,1.945140570683064,1.6241923765203587
2017-07-16,7,2017,28,0.0297645490892936,1.4929021698325788,1.9485281567295292
2017-07-23,7,2017,29,0.0396256762684603,1.6980470773673388,3.02743919714835
2017-07-30,7,2017,30,0.0443233691650714,1.5131805609433973,3.207516541154657
2017-08-06,8,2017,31,0.0520724486241728,1.0127838379660734,3.3277183247456747
2017-08-13,8,2017,32,0.0702098450676603,1.2975196862278007,4.004414204047859
2017-08-20,8,2017,33,0.0742919389978214,0.9106363023535277,3.981115116699394
2017-08-27,8,2017,34,0.0937351684859991,0.8440156686401897,4.902738075189355
2017-09-03,9,2017,35,0.0842242503259452,0.7842669576134184,3.2065598393561334
2017-09-10,9,2017,36,0.0993640699523052,0.6349551499345097,4.251931807597147
2017-09-17,9,2017,37,0.0991102323282254,0.6983463421319135,4.828222124049952
2017-09-24,9,2017,38,0.0817365995634247,0.8601455470525702,3.864920658089542
2017-10-01,10,2017,39,0.0844022575679836,0.6631708101526333,3.5767737137740463
2017-10-08,10,2017,40,0.0792134831460674,0.8733973541247839,3.1176968843441584
2017-10-15,10,2017,41,0.0674830640958833,0.7713231113680105,2.2962377683254616
2017-10-22,10,2017,42,0.0563920065699425,1.172485395086045,2.4646121570176005
2017-10-29,10,2017,43,0.03584229390681,1.2950012950012921,1.4388903277792136
2017-11-05,11,2017,44,0.0218173099976025,0.9702187910627785,0.8251393456702139
2017-11-12,11,2017,45,0.0190182472372141,1.0687316932408513,0.8324857399981372
2017-11-19,11,2017,46,0.00978835978835979,0.992593865488811,0.38658918971669537
2017-11-26,11,2017,47,0.00818107444777747,1.0951258507566148,0.35326640346987515
2017-12-03,12,2017,48,0.0068565400843881895,0.8772318443568791,0.2426385952476473
2017-12-10,12,2017,49,0.00850077279752705,1.04638704002763,0.35235481960114085
2017-12-17,12,2017,50,0.004152418172936,0.7564454656078649,0.17615853308676244
2017-12-24,12,2017,51,0.0058751529987760105,0.7072876051118249,0.22633203363578439
2017-12-31,12,2017,52,0.00442673749446658,0.7476006140920946,0.14240011696992302
2018-01-07,1,2018,1,0.0059676044330775795,0.7629742744320879,0.2373697742677602
2018-01-14,1,2018,2,0.0035259549461312397,1.1100950030934198,0.20389500056817847
2018-01-21,1,2018,3,0.004041248606466,0.9944765379548008,0.2827433294185214
2018-01-28,1,2018,4,0.00595080666490347,0.8221691329553367,0.45676062941963347
2018-02-04,2,2018,5,0.00919043113934315,0.9890315614229221,0.6933417131624603
2018-02-11,2,2018,6,0.0056287425149700605,0.7690380879913448,0.4016087792843673
2018-02-18,2,2018,7,0.00553622271433091,0.27042499877733367,0.20138031823844002
2018-02-25,2,2018,8,0.00591409006017846,0.5542681628475622,0.3397127449710866
2018-03-04,3,2018,9,0.00896373760695369,0.5329704386787543,0.4289762067414375
2018-03-11,3,2018,10,0.0136470588235294,0.523220472539432,0.5484359169991614
2018-03-18,3,2018,11,0.014500442086649,0.4168164906693277,0.6572875429785562
2018-03-25,3,2018,12,0.0197198673055658,0.4756460044815546,0.8774848703366593
2018-04-01,4,2018,13,0.015295887662988998,0.37860736193000954,0.5498821208983462
2018-04-08,4,2018,14,0.0159492368375922,0.2690353806006687,0.3475040332758638
2018-04-15,4,2018,15,0.0157672662669332,0.2677618187910106,0.39606435696170456
2018-04-22,4,2018,16,0.015552460538533002,0.5286090571367027,0.6439419423301667
2018-04-29,4,2018,17,0.0135694572217111,0.5199518981698071,0.6391075415003861
2018-05-06,5,2018,18,0.0140747577295801,0.5524460593370764,0.6607688160698392
2018-05-13,5,2018,19,0.016884661117716998,0.6125028216826021,0.7247950056577435
2018-05-20,5,2018,20,0.0203280203280203,0.44231577708899467,0.8461693126919908
2018-05-27,5,2018,21,0.0198628517379995,0.4050922037158737,0.7733578434575763
2018-06-03,6,2018,22,0.0335634372768388,0.4015330647252129,1.2867309574148849
2018-06-10,6,2018,23,0.0284715284715285,0.3816831247125146,1.1156891337750439
2018-06-17,6,2018,24,0.0392491467576792,0.29446197612502334,1.2475888988454944
2018-06-24,6,2018,25,0.0318309141838554,0.3670780877874589,1.3109931706694977
2018-07-01,7,2018,26,0.0383939774153074,0.4939330791944408,1.4258822852216846
2018-07-08,7,2018,27,0.0417209908735332,0.774382130314334,1.7450864908491992
2018-07-15,7,2018,28,0.0537941787941788,0.5750485878849235,2.2043529202255456
2018-07-22,7,2018,29,0.0523831996224634,0.44624815759625797,1.624050671907687
2018-07-29,7,2018,30,0.0482724822347464,0.26882511531042114,1.2315941329337916
2018-08-05,8,2018,31,0.0522442972774099,0.18205641242791945,0.9018143220266693
2018-08-12,8,2018,32,0.0564188381544346,0.21026130201190227,1.0787318972784585
2018-08-19,8,2018,33,0.0547119787900699,0.2980232002505954,1.9897431310848572
2018-08-26,8,2018,34,0.0615751789976134,0.4427152573144775,2.719536580646074
2018-09-02,9,2018,35,0.0588928150765607,0.48234258950347375,2.19246631592489
2018-09-09,9,2018,36,0.0560969812217732,0.6531239143551966,2.7041621717162467
2018-09-16,9,2018,37,0.0529969914371673,0.42602462726648826,1.6820627524832041
2018-09-23,9,2018,38,0.0516161363066901,0.21344321018588128,0.9558543760498157
2018-09-30,9,2018,39,0.050208180259613,0.20924888747175402,0.9325222159067288
2018-10-07,10,2018,40,0.0461904761904762,0.5078761542639867,1.4928480898062653
2018-10-14,10,2018,41,0.0293091416608514,0.38297081901571584,0.7910544786226281
2018-10-21,10,2018,42,0.0252121817274089,0.3952895447735534,0.76777392350248
2018-10-28,10,2018,43,0.0239661654135338,0.3991192560255439,0.7681163040491583
2018-11-04,11,2018,44,0.0186558777253315,0.6319634901181808,0.7387742208423773
2018-11-11,11,2018,45,0.0151249451994739,0.5192527770344514,0.47142686336022593
2018-11-18,11,2018,46,0.013738089962331002,0.3641117681382877,0.33693924812796655
2018-11-25,11,2018,47,0.0126050420168067,0.532740319358233,0.3748913358446817
2018-12-02,12,2018,48,0.0124318429661941,0.39207607254318716,0.366366166146912
2018-12-09,12,2018,49,0.0123456790123457,0.7604562737642556,0.5431830526887566
2018-12-16,12,2018,50,0.0147952979327118,0.6109919226472359,0.550647041398126
2018-12-23,12,2018,51,0.0144544332804513,0.5904049160246061,0.628742897584648
2018-12-30,12,2018,52,0.0182277567226132,0.5787891548584561,0.7307213080087986
2019-01-06,1,2019,1,0.0186622625928984,0.5723620947903084,0.7984804532259838
2019-01-13,1,2019,2,0.0192465192465192,0.7127101445705241,0.9219461503159955
2019-01-20,1,2019,3,0.0273777085766187,0.7009410650265587,1.4939248961677134
2019-01-27,1,2019,4,0.0270891898798876,0.770667655078519,1.6671586007821
2019-02-03,2,2019,5,0.0291754756871036,0.5063955901802346,1.262938399606128
2019-02-10,2,2019,6,0.0207475712168615,0.22940003580528295,0.5558539329128007
2019-02-17,2,2019,7,0.0216504549733291,0.3498658201226439,0.6270322490509733
2019-02-24,2,2019,8,0.0301137273746596,0.4589352823156857,1.1503977743379883
2019-03-03,3,2019,9,0.0236859182349124,0.45554331755481203,1.1272766841186874
2019-03-10,3,2019,10,0.0292985099614934,0.5660570539238181,1.2539238536287143
2019-03-17,3,2019,11,0.0290073775989269,0.4167532295246498,1.1444175985359477
2019-03-24,3,2019,12,0.027953667953668,0.4747604747604729,1.1306795517321844
2019-03-31,3,2019,13,0.0256661762301782,0.41797022260714234,0.937447499276016
2019-04-07,4,2019,14,0.0284658040665434,0.464725380027545,0.9542361136565545
2019-04-14,4,2019,15,0.0198099532936061,0.4023531813444665,0.5962583289803566
2019-04-21,4,2019,16,0.0285647933116582,0.5104738520798017,1.0464713967635972
2019-04-28,4,2019,17,0.0241678066575467,0.3641173082685566,0.714748790304941
2019-05-05,5,2019,18,0.0218790218790219,0.3969256305704916,0.6134305199725767
2019-05-12,5,2019,19,0.0174857353211853,0.25940620384624113,0.33302147791071346
2019-05-19,5,2019,20,0.0165214233841685,0.4915458716872727,0.4611409724076472
2019-05-26,5,2019,21,0.0189794091316025,0.5498364587182811,0.7377552484068057
2019-06-02,6,2019,22,0.0156157343348488,0.5407399874895027,0.5407399874895027
2019-06-09,6,2019,23,0.0159817351598174,0.2739726027397255,0.3906646372399802
2019-06-16,6,2019,24,0.0157409082685001,0.5059712962439515,0.5792039838582066
2019-06-23,6,2019,25,0.0159229772264395,0.5221496899283263,0.5282926274568931
2019-06-30,6,2019,26,0.0207145572025846,0.5857453023226747,0.672065662664966
2019-07-07,7,2019,27,0.0164583333333333,0.9097525473071318,0.7187045123726338
2019-07-14,7,2019,28,0.0248360818597258,1.2960939122383064,1.1490194257431794
2019-07-21,7,2019,29,0.0285988483685221,0.9522465260450785,1.1923086754682066
2019-07-28,7,2019,30,0.0273914875684787,1.019464157466129,1.2621937187675893
2019-08-04,8,2019,31,0.031055900621117995,1.0280457807779129,1.2736850381319278
2019-08-11,8,2019,32,0.030925651345054,0.8885844239511522,1.0633879171874423
2019-08-18,8,2019,33,0.0303030303030303,0.45698813764658663,0.8889358293947303
2019-08-25,8,2019,34,0.0298072613177947,0.7669264283892131,1.0303153027855072
2019-09-01,9,2019,35,0.0318077803203661,0.6201893072602475,1.1973099126274185
2019-09-08,9,2019,36,0.0316499883639749,0.4493391456364042,0.7275014738875127
2019-09-15,9,2019,37,0.0329537194087715,0.5714263736348272,1.2142810439740073
2019-09-22,9,2019,38,0.0377923292797007,0.7615782856563382,1.4113652633264253
2019-09-29,9,2019,39,0.0285481239804241,0.500028240797654,1.0000564815953044
2019-10-06,10,2019,40,0.0191746561067111,0.7311319329914029,0.653049881895234
2019-10-13,10,2019,41,0.0143618253416725,0.6088005018635798,0.4902030015005465
2019-10-20,10,2019,42,0.0167675826734979,0.4989897801678995,0.49215430372724256
2019-10-27,10,2019,43,0.014336917562723999,0.5385721490269432,0.38960538440246983
2019-11-03,11,2019,44,0.0128314798973482,0.6502809853164357,0.4150729693509174
2019-11-10,11,2019,45,0.00689799331103679,0.5755815570150381,0.22086269048251517
2019-11-17,11,2019,46,0.0080168776371308,0.3621769772905258,0.17421171059544238
2019-11-24,11,2019,47,0.003974064003346579,0.3664869092331057,0.08927245224908972
2019-12-01,12,2019,48,0.0043804755944931205,0.41447638649808743,0.11923293310218953
2019-12-08,12,2019,49,0.00458428839341529,0.21240504113218617,0.07417318896679487
2019-12-15,12,2019,50,0.00314410480349345,0.32311911378923386,0.08308777211723131
2019-12-22,12,2019,51,0.0031804486106461302,0.21063311634036033,0.0889339824548187
2019-12-29,12,2019,52,0.00372717107715244,0.3034413847133297,0.1083719231119038
